time,temperature,co2_ppm
1850-01-01,-0.7062136524250896,285.2368319410159
1850-02-01,-0.11028301958069087,285.5665064008736
1850-03-01,-0.2302982688674389,285.87969912823337
1850-04-01,-0.48437662762494055,286.1030572297838
1850-05-01,-0.569811538796533,286.06027266325776
1850-06-01,-0.29446012286226736,285.2493399886143
1850-07-01,-0.10016827667468008,283.28019321912603
1850-08-01,-0.1228638153465414,281.41585907877226
1850-09-01,-0.35224340292990314,281.4819741213763
1850-10-01,-0.5505964901309913,282.8383280638707
1850-11-01,-0.46354904675381514,284.06335819526953
1850-12-01,-0.48430572070993927,284.8522837080779
1851-01-01,0.009648785441455289,285.3510738363384
1851-02-01,-0.33022122439756035,285.68365206447646
1851-03-01,-0.4243948178747993,285.99980327559103
1851-04-01,-0.5618905386056979,286.2265107317324
1851-05-01,-0.2802922766494281,286.1870558741063
1851-06-01,-0.16043554895137546,285.3808084516172
1851-07-01,-0.11683230707008585,283.4137988695686
1851-08-01,-0.25651638821641953,281.5474303549307
1851-09-01,-0.27389680510481534,281.616073849525
1851-10-01,-0.03273210210570916,282.97802560876914
1851-11-01,-0.18868475954204583,284.2075435883322
1851-12-01,-0.09218093211639228,284.99688603954553
1852-01-01,-0.13915994238172397,285.4988672793353
1852-02-01,-0.41868567795655015,285.8321071756622
1852-03-01,-0.5987732678222637,286.148626883236
1852-04-01,-0.47905650665016997,286.3754273544123
1852-05-01,-0.05889497095107353,286.3357185198937
1852-06-01,-0.04994790789925712,285.52891332696987
1852-07-01,0.02415541951566116,283.56125192241905
1852-08-01,-0.29410234761594334,281.6942593506236
1852-09-01,-0.2226235878539103,281.76218211750927
1852-10-01,-0.13925543806502036,283.1232821678821
1852-11-01,-0.43434953531457493,284.3517485413728
1852-12-01,0.056757351785615716,285.1398011327673
1853-01-01,-0.19963513120759432,285.6404845263634
1853-02-01,-0.19855820096061697,285.9722002038838
1853-03-01,-0.3791124650734911,286.28712790736444
1853-04-01,-0.19468578266475783,286.51228238753333
1853-05-01,-0.22471735754025265,286.47083360460067
1853-06-01,-0.11990313414183311,285.6621772629538
1853-07-01,0.08535498362867176,283.69295186737435
1853-08-01,-0.003260537765908402,281.8248960961236
1853-09-01,-0.3506927882886815,281.8916297879631
1853-10-01,-0.48206608734154244,283.25143519130756
1853-11-01,-0.5692155602804354,284.4786139080848
1853-12-01,-0.3459444353377168,285.2654554861563
1854-01-01,-0.43523652993241163,285.76509391737574
1854-02-01,-0.5471420529342044,286.0954514011336
1854-03-01,-0.17715257912138585,286.4089627018681
1854-04-01,-0.381420599447593,286.63256771511504
1854-05-01,-0.3066827445441359,286.5893842744239
1854-06-01,-0.45156578929466396,285.7786250093248
1854-07-01,-0.1601132852255611,283.8075695862005
1854-08-01,-0.15408777008226374,281.93830110149617
1854-09-01,-0.16898335554737715,282.0031685435919
1854-10-01,0.0953605712748374,283.36062411037494
1854-11-01,-0.13791891655415828,284.58548748204737
1854-12-01,-0.26811783472294787,285.37040546982377
1855-01-01,0.0039270691602285804,285.8703552735882
1855-02-01,-0.07620043935365427,286.1990235491152
1855-03-01,-0.21489663247536106,286.5109858270339
1855-04-01,-0.11822747450769955,286.7328545214806
1855-05-01,-0.2646007826725308,286.68791656211573
1855-06-01,-0.30175600360496824,285.8742502400905
1855-07-01,-0.30611725067788753,283.9025794785111
1855-08-01,-0.19651111084117723,282.03649603196135
1855-09-01,-0.41789001491086986,282.10091110512064
1855-10-01,-0.32909434593286446,283.4554811812036
1855-11-01,-0.3186858933546782,284.6783751372349
1855-12-01,-0.551894071324795,285.46462502326494
1856-01-01,0.16591353447571017,285.9611126252163
1856-02-01,-0.25230222840652194,286.29071262500906
1856-03-01,-0.25650042489856006,286.60397718406017
1856-04-01,-0.38610373246394103,286.82785548033536
1856-05-01,-0.3744975703825297,286.78542261712346
1856-06-01,-0.1340484898262067,285.9759510417043
1856-07-01,-0.1990826793964562,284.00714697755416
1856-08-01,-0.49270773272021406,282.14135301613516
1856-09-01,-0.6221523661123972,282.2103727599721
1856-10-01,-0.639420297567033,283.57255334971865
1856-11-01,-0.4764157622168658,284.8026210488213
1856-12-01,-0.4608831030259456,285.5931484264798
1857-01-01,-0.4364674046165669,286.0965220100497
1857-02-01,-0.5347694213386557,286.43096763186986
1857-03-01,-0.4923104737061667,286.7488756886235
1857-04-01,-0.7200245803880871,286.9770828703892
1857-05-01,-0.7237757053773268,286.9384857229539
1857-06-01,-0.5045667664694649,286.1322530336733
1857-07-01,-0.42439629809852236,284.1663168443279
1857-08-01,-0.39555665384624683,282.3030940595085
1857-09-01,-0.445736835301137,282.3740335864785
1857-10-01,-0.5355448862153037,283.73753676002406
1857-11-01,-0.38657894129678716,284.96842299331854
1857-12-01,-0.27511796228458896,285.7593522158964
1858-01-01,-0.210362577319717,286.26646622693096
1858-02-01,-0.44013325762951744,286.6010949551618
1858-03-01,-0.1803700152201677,286.9190586278468
1858-04-01,-0.28090041245225766,287.1467881996249
1858-05-01,-0.3905967452923494,287.1074184036255
1858-06-01,-0.21886996029676334,286.29856814584616
1858-07-01,-0.21109099894021385,284.3330651247943
1858-08-01,-0.3111332402036776,282.4755076975881
1858-09-01,-0.39916077058409216,282.5468504804446
1858-10-01,-0.2753748151333111,283.90712590205817
1858-11-01,-0.13311322126365127,285.1358001756079
1858-12-01,-0.4959581245166904,285.92880531876176
1859-01-01,-0.3417974111260112,286.4349297572948
1859-02-01,-0.3016200543151553,286.7707924911122
1859-03-01,-0.2617177989669294,287.0900878195115
1859-04-01,-0.0037802276383853803,287.3191821246677
1859-05-01,0.020168078693255848,287.28112041237915
1859-06-01,-0.12119319058476147,286.47335173147695
1859-07-01,-0.2910734986746297,284.5094171655914
1859-08-01,-0.3629814285262247,282.65426714956027
1859-09-01,-0.43109818417268964,282.72751720663945
1859-10-01,-0.2916987663954832,284.0893071775083
1859-11-01,-0.09835689510510903,285.3195169604266
1859-12-01,-0.04351411748117884,286.11436374852684
1860-01-01,-0.3094365228627797,286.6252731973154
1860-02-01,-0.20911379806212116,286.9630555550846
1860-03-01,-0.6181536333546359,287.28423896271505
1860-04-01,-0.2312128537753171,287.51473165111776
1860-05-01,-0.18686502513812556,287.4777030737606
1860-06-01,-0.1984409589595027,286.66912754576884
1860-07-01,-0.2507523636164007,284.7069048502416
1860-08-01,-0.19002457696544076,282.8579850152098
1860-09-01,-0.2505109838285964,282.93242146433136
1860-10-01,-0.3800026666395718,284.2917923030147
1860-11-01,-0.42386622328234835,285.52012195728446
1860-12-01,-0.9378720234374839,286.3165749594606
1861-01-01,-0.9418007577271027,286.82571084057844
1861-02-01,-0.572857426208924,287.1635050272059
1861-03-01,-0.5220694761240368,287.48438486876313
1861-04-01,-0.5492862047928073,287.7142107918822
1861-05-01,-0.4395856431995867,287.67603207482233
1861-06-01,-0.3456817509422261,286.86575252580053
1861-07-01,-0.20138432027192593,284.9017310592275
1861-08-01,-0.09969690159790047,283.05114517400295
1861-09-01,-0.32052594789132466,283.1233510288191
1861-10-01,-0.46412728482280713,284.4800261043031
1861-11-01,-0.24937153466936365,285.70540143283796
1861-12-01,-0.4118635625356495,286.49882778450296
1862-01-01,-1.0059509353046718,287.00509397671544
1862-02-01,-0.698735961110548,287.33973433506344
1862-03-01,-0.5855276371885025,287.6575701202581
1862-04-01,-0.619647530746122,287.88449763074334
1862-05-01,-0.3577688740710919,287.84359523773196
1862-06-01,-0.35574358690559527,287.03066066506466
1862-07-01,-0.30400427626014803,285.0650022803413
1862-08-01,-0.5095051078506079,283.214283425131
1862-09-01,-0.49252454892490266,283.28628350764143
1862-10-01,-0.4633405373909248,284.6427761096719
1862-11-01,-0.4022638602258126,285.8684623562848
1862-12-01,-1.0420494810942411,286.6630072092127
1863-01-01,-0.0913718806231909,287.16980248062697
1863-02-01,-0.03939942177992455,287.5057099697914
1863-03-01,-0.29769147906823035,287.824887397201
1863-04-01,-0.20814856299307172,288.05320048438176
1863-05-01,-0.21163670391302392,288.0135226148441
1863-06-01,-0.31480253563362115,287.20174916302716
1863-07-01,-0.37161727481867407,285.2369394641452
1863-08-01,-0.3751207852488088,283.386688761299
1863-09-01,-0.4275357992022439,283.4593740943626
1863-10-01,-0.5208428846898808,284.81660503528735
1863-11-01,-0.2563015593547392,286.0426495281267
1863-12-01,-0.33896806212742475,286.83687461240794
1864-01-01,-0.38023366399208397,287.3406822082143
1864-02-01,-0.2557682914449418,287.67641212039524
1864-03-01,-0.3306110375316103,287.99558385966736
1864-04-01,-0.4106827208132303,288.22401692755426
1864-05-01,-0.07930574032179692,288.1853665820463
1864-06-01,-0.06346616993869653,287.3753344740691
1864-07-01,-0.20775257619524362,285.41104875729405
1864-08-01,-0.32314482851292314,283.55937981970516
1864-09-01,-0.4520502304169764,283.6303888132543
1864-10-01,-0.40212972181712936,284.9859997158286
1864-11-01,-0.40149541752478635,286.21102633158364
1864-12-01,-0.47647883646589984,287.00523486243355
1865-01-01,0.0968462368241777,287.5144478371703
1865-02-01,-0.36116015556153286,287.8503337968426
1865-03-01,-0.43666035413803517,288.1694326217086
1865-04-01,-0.49881106864928537,288.3975705978017
1865-05-01,-0.2897683430773663,288.3577104427196
1865-06-01,-0.35289303205192224,287.5456143956126
1865-07-01,-0.15509490180497976,285.58045617656944
1865-08-01,-0.1922808745509304,283.73004841274684
1865-09-01,-0.20149125058370448,283.8021266998479
1865-10-01,-0.1870873848643673,285.15844745730175
1865-11-01,-0.031096029225554555,286.38368498201726
1865-12-01,-0.5137660693530843,287.1775000070643
1866-01-01,0.0314569905086247,287.68212130134486
1866-02-01,-0.5694194328001756,288.01695130383524
1866-03-01,-0.45693052444008075,288.33505189636605
1866-04-01,-0.49797475484302756,288.56245710113905
1866-05-01,-0.3862792254090491,288.52211526187847
1866-06-01,-0.27717465317091106,287.71035281334395
1866-07-01,0.1564491373983374,285.74491667900554
1866-08-01,-0.21587161805053426,283.8930495952088
1866-09-01,-0.24814693910935218,283.96573366848037
1866-10-01,-0.30019881666170267,285.32414312009456
1866-11-01,0.01112580941722068,286.5514567947388
1866-12-01,-0.049720969017436466,287.34621869122543
1867-01-01,-0.10192835700445352,287.8503956806513
1867-02-01,-0.41149315990210383,288.18662364582957
1867-03-01,-0.3172337050134005,288.50615035633984
1867-04-01,-0.23209062021224697,288.7350607949716
1867-05-01,-0.5491914924894171,288.69653092655136
1867-06-01,-0.2681554156248779,287.88728338453507
1867-07-01,-0.18207385270716983,285.9222573047214
1867-08-01,-0.2780619444039204,284.0675028341788
1867-09-01,-0.08920373692452466,284.13856227403807
1867-10-01,0.00796400588906758,285.4962064446343
1867-11-01,0.37718730045599586,286.7222412076408
1867-12-01,-0.2298710672205341,287.5142782159499
1868-01-01,-0.546102991564943,288.0208679957449
1868-02-01,-0.9459203547649309,288.3543738122634
1868-03-01,-0.35864650121987307,288.6708497468925
1868-04-01,-0.05671955069354431,288.89625040360437
1868-05-01,-0.03992823026787322,288.8536115015289
1868-06-01,-0.07710940004719816,288.0390827551006
1868-07-01,0.10438662557828687,286.0703863600743
1868-08-01,-0.009953867964489181,284.2148876449208
1868-09-01,-0.22531012251078825,284.28306254869625
1868-10-01,-0.061256054196386585,285.6362890304754
1868-11-01,-0.27549377170935163,286.85820672965343
1868-12-01,-0.19721637751420756,287.6477201603077
1869-01-01,-0.22548976562800802,288.14835631146843
1869-02-01,-0.005876998684130453,288.47901259905024
1869-03-01,-0.4084569015113621,288.7929241976326
1869-04-01,-0.21718370922237587,289.01618376837837
1869-05-01,-0.12142499832100995,288.9718316099379
1869-06-01,-0.13858736858572146,288.1564155220691
1869-07-01,-0.17475575278474179,286.18663953145347
1869-08-01,-0.18931653353951503,284.3295183944702
1869-09-01,-0.022828456784707254,284.3977893659804
1869-10-01,-0.11136752298327256,285.7524325161216
1869-11-01,-0.07402281736781988,286.97601278564076
1869-12-01,-0.4512183307224631,287.76664112091066
1870-01-01,-0.2690463334592554,288.27042965123684
1870-02-01,-0.48425727759354475,288.6029434293582
1870-03-01,-0.32989393751064067,288.91880769517684
1870-04-01,-0.28085474006121736,289.1439548139219
1870-05-01,-0.21743603864568348,289.10134304376294
1870-06-01,-0.014774776743943684,288.28713925302765
1870-07-01,-0.04000711672664324,286.31897675361165
1870-08-01,-0.24491133359878728,284.4643036397298
1870-09-01,-0.18624656288578123,284.533627659362
1870-10-01,-0.36564535495791306,285.88823538980364
1870-11-01,-0.2193183441266256,287.11167384159415
1870-12-01,-0.5720800974114573,287.9027601717725
1871-01-01,-0.5312519597787237,288.40600802433346
1871-02-01,-0.6424947978378195,288.73838837658917
1871-03-01,-0.26707630057699006,289.05408082608824
1871-04-01,-0.034384060486792246,289.27918977855165
1871-05-01,-0.32803798096297454,289.23651585002006
1871-06-01,-0.261402985281466,288.4226017163124
1871-07-01,-0.13806840603548598,286.4549289901168
1871-08-01,-0.24767809664322799,284.6010076654693
1871-09-01,-0.38233582645268305,284.6724801386139
1871-10-01,-0.23280580344317173,286.0302927944984
1871-11-01,-0.4409493247498073,287.25708206883183
1871-12-01,-0.47306803380564155,288.0509987772247
1872-01-01,-0.36823179542766765,288.5620616762138
1872-02-01,-0.268100818201764,288.8970663230802
1872-03-01,-0.28558252047324234,289.21512685045786
1872-04-01,-0.26965528703895825,289.4423753479381
1872-05-01,-0.1672227472114578,289.4002703678461
1872-06-01,-0.2390401576124331,288.58555255183467
1872-07-01,-0.03449872798750265,286.6196064584049
1872-08-01,0.013777643145011896,284.7717805480957
1872-09-01,-0.1393196765468999,284.8496614630428
1872-10-01,-0.16546534885917694,286.2135977860439
1872-11-01,-0.3660608666071276,287.4454928113207
1872-12-01,-0.6060020745634018,288.2428928064417
1873-01-01,-0.3276150396845956,288.75556234053624
1873-02-01,0.09156070957950016,289.0921259359666
1873-03-01,-0.17859418218836995,289.4112086081799
1873-04-01,-0.5096342080487942,289.638955475607
1873-05-01,-0.2902657275845908,289.59585453739874
1873-06-01,-0.21357906893365095,288.7786693130305
1873-07-01,-0.08744531822699712,286.81224526817414
1873-08-01,-0.1256449056679638,284.9676203376864
1873-09-01,-0.3280730916239453,285.04809036914213
1873-10-01,-0.1919106662212747,286.41383678106615
1873-11-01,-0.23588561794223187,287.64688962159335
1873-12-01,-0.3433299973865643,288.4448378127298
1874-01-01,-0.26824458438692617,288.9518303736934
1874-02-01,-0.08779332875333565,289.2882721239255
1874-03-01,-0.4499028593805087,289.6074447240947
1874-04-01,-0.1891836333380839,289.83556762695315
1874-05-01,-0.08250393102593337,289.7935382178978
1874-06-01,-0.3485950998824314,288.9782144193296
1874-07-01,-0.22573944072961394,287.01320296440593
1874-08-01,-0.15060663122704585,285.1689217631022
1874-09-01,-0.09357970858798355,285.2504923398995
1874-10-01,-0.25084675930912304,286.6181434033241
1874-11-01,-0.28896202861731496,287.8536877168255
1874-12-01,-0.21723352115729877,288.65456404650655
1875-01-01,-0.34706105829424305,289.165951755665
1875-02-01,-0.22804910783693574,289.5060489918273
1875-03-01,-0.4512269289921565,289.8289235654289
1875-04-01,-0.34099651419220406,290.06067175405997
1875-05-01,-0.3255308854976439,290.02222431842193
1875-06-01,-0.26704781775032416,289.2102890721074
1875-07-01,-0.1351702667795522,287.24790276374347
1875-08-01,-0.24673579255383205,285.40530838106883
1875-09-01,-0.22213148741520564,285.487859282317
1875-10-01,-0.1371344421487797,286.85578701066385
1875-11-01,-0.4978814347642993,288.0910901957382
1875-12-01,-0.5725914013250248,288.8913829954171
1876-01-01,-0.34686785585600094,289.4024120034112
1876-02-01,-0.15364435480519475,289.7409631851573
1876-03-01,-0.23638500963267753,290.0619640510465
1876-04-01,-0.2854381516233585,290.2917530681469
1876-05-01,-0.5832854019667917,290.2509984056449
1876-06-01,-0.3101819924804852,289.436994280874
1876-07-01,-0.06622173194305883,287.4725797328243
1876-08-01,-0.3247643022466927,285.62796419826554
1876-09-01,-0.24020966635221216,285.71036285353296
1876-10-01,-0.2051218989546658,287.07951833042097
1876-11-01,-0.4577820448121042,288.3160321939727
1876-12-01,-0.6503359891559295,289.11647886676553
1877-01-01,-0.19791329200189714,289.63744980329346
1877-02-01,-0.20176448606159333,289.9754989760599
1877-03-01,0.09964783641296204,290.2954258238239
1877-04-01,-0.13015549412949298,290.52373733850175
1877-05-01,0.0609947288207823,290.47830938033115
1877-06-01,-0.06678673030491253,289.6572329664819
1877-07-01,0.0718171279677335,287.69104506316006
1877-08-01,0.15998972792784538,285.8537923379592
1877-09-01,0.16706946919815815,285.9437435362074
1877-10-01,0.20459195358960713,287.31981071613455
1877-11-01,0.29669203374093867,288.5616414345635
1877-12-01,-0.19745781001587392,289.3653306113349
1878-01-01,0.041229404639559146,289.88810925895785
1878-02-01,0.4125138618734951,290.22651673116803
1878-03-01,0.7050729520859754,290.5460581607583
1878-04-01,0.32841604095966975,290.7730537094305
1878-05-01,-0.0874520661492757,290.72353657286845
1878-06-01,0.09797064985626075,289.8945907489164
1878-07-01,0.11474655295984246,287.92628157533244
1878-08-01,0.003469900345625312,286.0970652945248
1878-09-01,0.02189932265176663,286.19025167253284
1878-10-01,0.004227216599693867,287.56550151872045
1878-11-01,0.2002787788848273,288.8060708533393
1878-12-01,0.0418005902740881,289.61021530763605
1879-01-01,0.15930480723464902,290.127565347648
1879-02-01,-0.37826602948573096,290.463118691621
1879-03-01,0.08502896321895467,290.77939608020546
1879-04-01,-0.316610370462403,291.0029724997061
1879-05-01,-0.20338583303009108,290.9483908655614
1879-06-01,-0.2720997011062787,290.11333507490747
1879-07-01,-0.2161811293574741,288.14212664380483
1879-08-01,-0.17872426822548737,286.31537618283875
1879-09-01,-0.2628445750146806,286.4126304108419
1879-10-01,-0.006023244335674154,287.7928819684629
1879-11-01,-0.20692775504465458,289.0380841394118
1879-12-01,-0.585713028139934,289.8454714551384
1880-01-01,-0.2888175080445071,290.36193025141586
1880-02-01,-0.6116838544840416,290.70027549884935
1880-03-01,-0.2886426012704739,291.0194716531259
1880-04-01,-0.2674340853615787,291.2459927330488
1880-05-01,-0.1743828822440209,291.1938583585951
1880-06-01,-0.30259914949902,290.3606208452766
1880-07-01,-0.2120754439676787,288.3919320480912
1880-08-01,-0.20010020501707826,286.56927154399733
1880-09-01,-0.3501094297072477,286.669874515298
1880-10-01,-0.29600808020481123,288.0525975865494
1880-11-01,-0.10024744136672595,289.2997572354917
1880-12-01,-0.29520146665094904,290.1087510483353
1881-01-01,0.037191174671736695,290.6255759966815
1881-02-01,-0.21984582999926702,290.9643531771059
1881-03-01,-0.12916531918907567,291.2837236988397
1881-04-01,-0.024549028902721443,291.5103307450848
1881-05-01,-0.15043603260036095,291.45783214239424
1881-06-01,-0.47625835146638884,290.6241342798869
1881-07-01,-0.14184396388188963,288.65561385213596
1881-08-01,-0.13842587015780294,286.8342282966331
1881-09-01,-0.3477143827369893,286.93711570457174
1881-10-01,-0.15736771139664643,288.32287100803705
1881-11-01,-0.29701431970902986,289.5731020435286
1881-12-01,-0.21400897758907794,290.3845738945478
1882-01-01,0.0612895925310511,290.90557759885434
1882-02-01,0.04358818640766865,291.24635815655745
1882-03-01,-0.09956894344586417,291.56734207577176
1882-04-01,-0.28476902920130615,291.7950890110157
1882-05-01,-0.2214299699847891,291.7424118965055
1882-06-01,-0.3541159222410554,290.907160012516
1882-07-01,-0.33140146355674294,288.9379444230633
1882-08-01,-0.18654759632624632,287.1178398240643
1882-09-01,-0.13691085503807612,287.22101698180774
1882-10-01,-0.33296135950942046,288.60576243836204
1882-11-01,-0.4866243412603373,289.8536405991919
1882-12-01,-0.7726972118837695,290.6614789793226
1883-01-01,-0.34601269791069805,291.1746630185916
1883-02-01,-0.2635414312888695,291.51032589382595
1883-03-01,0.2768581306930853,291.8260342383679
1883-04-01,-0.09505365332520287,292.0484631569003
1883-05-01,-0.13237968289306165,291.9908316096553
1883-06-01,-0.15334443704075257,291.1509617883188
1883-07-01,-0.18695029835983507,289.1774830406095
1883-08-01,-0.28924239581816685,287.3538096279568
1883-09-01,-0.29504129893313136,287.4536589723752
1883-10-01,-0.2097280537122319,288.8357538242105
1883-11-01,-0.4330552629253558,290.08234048066316
1883-12-01,-0.3302527114882128,290.89059907654183
1884-01-01,-0.2455961154010591,291.40464521855483
1884-02-01,-0.07905904778556401,291.7428732949716
1884-03-01,-0.4329887705075293,292.06202322218155
1884-04-01,-0.5644159939895642,292.28837990513557
1884-05-01,-0.6976443285353386,292.23578991642705
1884-06-01,-0.5396239805882032,291.4011746192273
1884-07-01,-0.5091868745391734,289.43280285493825
1884-08-01,-0.4724301749442592,287.6140116062871
1884-09-01,-0.5247088390671779,287.7162834892744
1884-10-01,-0.4070619410905165,289.09912364818433
1884-11-01,-0.4602839065811301,290.34693707972394
1884-12-01,-0.5210456939842452,291.1585324063713
1885-01-01,-0.6644807377414415,291.67548429465586
1885-02-01,-0.40657335018905544,292.0168252761276
1885-03-01,-0.20308979291605356,292.3390415450673
1885-04-01,-0.42315183197473344,292.56833815445134
1885-05-01,-0.6188168743026096,292.5190976550255
1885-06-01,-0.6807125331285132,291.6880350131753
1885-07-01,-0.3074928822628536,289.7222916374678
1885-08-01,-0.43430216743391414,287.9047661684766
1885-09-01,-0.44797786471162815,288.0077460404384
1885-10-01,-0.35152407825324145,289.39102176995925
1885-11-01,-0.5005966498391676,290.63952325138047
1885-12-01,-0.4160169827556261,291.4524713341984
1886-01-01,-0.9255939956342218,291.97224720283793
1886-02-01,-0.6324957461851974,292.3150001714259
1886-03-01,-0.6357540394662572,292.6385455082081
1886-04-01,-0.454504560464676,292.8690982140435
1886-05-01,-0.36963261162843175,292.8210335752699
1886-06-01,-0.5238690002733584,291.991125784509
1886-07-01,-0.14798546010153915,290.02627315379954
1886-08-01,-0.42310603895154775,288.2093422854388
1886-09-01,-0.4468466653543702,288.31301992110264
1886-10-01,-0.4308134360134881,289.697014996093
1886-11-01,-0.4908157298313462,290.9461191337491
1886-12-01,-0.4291019302935295,291.7594693760813
1887-01-01,-0.9806990508028834,292.2800761649049
1887-02-01,-0.7177591939723625,292.62413907887026
1887-03-01,-0.5420875697366734,292.94941200350536
1887-04-01,-0.4153063534841835,293.1816198381966
1887-05-01,-0.49377562902996586,293.1363243545721
1887-06-01,-0.460587438548201,292.30866778150016
1887-07-01,-0.2953577790161744,290.3468267506729
1887-08-01,-0.5988995539650983,288.53471054171337
1887-09-01,-0.34265856736050637,288.6384014478142
1887-10-01,-0.42097949373182364,290.01949780169826
1887-11-01,-0.537515483894205,291.26752579583064
1887-12-01,-0.7535861246998827,292.0849688343943
1888-01-01,-0.22217925913575381,292.6092086330461
1888-02-01,-0.584647387298568,292.9570154312511
1888-03-01,-0.5286561217637034,293.28602552249106
1888-04-01,-0.5058389876894555,293.52222164907573
1888-05-01,-0.402148446495727,293.4804875555156
1888-06-01,-0.3303799563775987,292.65673058874813
1888-07-01,-0.11230410013934976,290.6974970834049
1888-08-01,-0.24531865367110323,288.88621923611487
1888-09-01,-0.3160256901278982,288.99253864429613
1888-10-01,-0.07874024170022627,290.37701754440496
1888-11-01,-0.07188684558786736,291.6274149087035
1888-12-01,-0.34039380635313377,292.44446476736186
1889-01-01,-0.14041423061414443,292.974318357397
1889-02-01,0.4227967235731478,293.3203690130917
1889-03-01,0.011785788766588048,293.64680270348066
1889-04-01,0.17136617637298962,293.87972638683556
1889-05-01,-0.1307539346756548,293.83283487155114
1889-06-01,-0.1487684894269639,293.0021350516802
1889-07-01,-0.13122122297237113,291.0391339243194
1889-08-01,-0.3269084106597408,289.2296360529205
1889-09-01,-0.2474751894774536,289.3373167410015
1889-10-01,-0.17424318264725386,290.72267052026444
1889-11-01,-0.5901904605181731,291.9736944405827
1889-12-01,-0.5090930141479958,292.7912235928759
1890-01-01,-0.41944930822802845,293.31499171739745
1890-02-01,-0.38726599887686025,293.66091307133803
1890-03-01,-0.5983403828963504,293.9874457149741
1890-04-01,-0.39913602107138424,294.22066289595614
1890-05-01,-0.4884462036234905,294.1743411141855
1890-06-01,-0.45289678976860825,293.34475797629653
1890-07-01,-0.34404523152726524,291.3824108943233
1890-08-01,-0.408284861583369,289.5729827249786
1890-09-01,-0.3300723476769815,289.6822213255329
1890-10-01,-0.04998513665508205,291.07021600181673
1890-11-01,-0.7552551593878218,292.32348036777825
1890-12-01,-0.3540533635586584,293.1422328689952
1891-01-01,-0.4124208911496905,293.67251421422134
1891-02-01,-0.7121012428645017,294.019861907488
1891-03-01,-0.08919141808460518,294.34765400074144
1891-04-01,-0.3996288331519645,294.5816005697368
1891-05-01,-0.26399980659033995,294.53515590385155
1891-06-01,-0.36241832842605254,293.7033909785895
1891-07-01,-0.33564294603688555,291.7415908935924
1891-08-01,-0.2532742361521585,289.9381719075898
1891-09-01,-0.2773871048399907,290.04890223326504
1891-10-01,-0.30419689066543387,291.4350287552822
1891-11-01,-0.5458934602400309,292.68672388712565
1891-12-01,-0.30112954608936826,293.5067227672059
1892-01-01,-0.30612275089968594,294.0272429548664
1892-02-01,-0.17126501865071206,294.3751498761589
1892-03-01,-0.42198771262598245,294.7038380596961
1892-04-01,-0.5231406922618911,294.938638135651
1892-05-01,-0.4416207067196995,294.8950543872221
1892-06-01,-0.23476730767649445,294.0671003313418
1892-07-01,-0.4659723976362493,292.10569913463826
1892-08-01,-0.43343049895221086,290.29751487684837
1892-09-01,-0.3347948974368001,290.4005319105549
1892-10-01,-0.08542106635286043,291.77729534902693
1892-11-01,-0.8048999801066244,293.02064325591664
1892-12-01,-0.49391981859176076,293.83547141039816
1893-01-01,-0.982581479437802,294.35242861194376
1893-02-01,-0.5263031930466676,294.69759939028893
1893-03-01,-0.17962488797490492,295.02452774942657
1893-04-01,-0.13163848576885648,295.2577503760067
1893-05-01,-0.2573425626526791,295.21596423160884
1893-06-01,-0.25609512006154156,294.3905681351085
1893-07-01,-0.09983119269078308,292.4299655758893
1893-08-01,-0.2718918574489323,290.62027637199117
1893-09-01,-0.3071881710515148,290.7147594692089
1893-10-01,-0.09537127894309998,292.0791527708077
1893-11-01,-0.22424300278527354,293.31398962703753
1893-12-01,-0.5512223958300412,294.12952810876163
1894-01-01,-0.6354173517707566,294.64792156878815
1894-02-01,-0.5064472917253764,294.9954601090043
1894-03-01,-0.21389847791459535,295.3253374693129
1894-04-01,-0.45947591474946275,295.562236593741
1894-05-01,-0.30120792078782654,295.5253768676004
1894-06-01,-0.45156050210391435,294.70729077468684
1894-07-01,-0.1331473150853489,292.74942944091043
1894-08-01,-0.21060913338273088,290.93441911815125
1894-09-01,-0.3286280754190923,291.02794657200945
1894-10-01,-0.135173907308573,292.3942478325926
1894-11-01,-0.44529427969861,293.629337557569
1894-12-01,-0.35868649701918515,294.4405348846059
1895-01-01,-0.39263652190697834,294.95986161361503
1895-02-01,-0.35552271913118344,295.3036648922202
1895-03-01,-0.4241269574910969,295.6295466952854
1895-04-01,-0.3282949719938029,295.8621316782633
1895-05-01,-0.3136318373990415,295.82175776823067
1895-06-01,-0.28847719442653935,294.9999003539851
1895-07-01,-0.08276623976930593,293.038232279648
1895-08-01,-0.29980496869963025,291.21996325551726
1895-09-01,-0.29924503366735816,291.30804408791624
1895-10-01,-0.1567192722349891,292.6679845324858
1895-11-01,-0.13148041724532336,293.8989911792896
1895-12-01,-0.26038261770262394,294.7102410356498
1896-01-01,-0.4503122050107204,295.2339237439191
1896-02-01,-0.4168001529979627,295.5795535396058
1896-03-01,-0.653053535560394,295.90784458584255
1896-04-01,-0.7252429165315055,296.14312619385896
1896-05-01,-0.3175906820382561,296.10533571549405
1896-06-01,-0.05778205313749027,295.28543428632946
1896-07-01,-0.026476913989643643,293.32650293515053
1896-08-01,-0.12324464877248509,291.5126206513393
1896-09-01,-0.08384070082055049,291.603406071604
1896-10-01,0.15060396368884627,292.9643978603975
1896-11-01,-0.3010245604105603,294.19555137587184
1896-12-01,-0.21672005630483043,295.0066330210368
1897-01-01,-0.14546383530785673,295.52903903207664
1897-02-01,-0.5507537091328825,295.8724714265046
1897-03-01,-0.32677934891545857,296.1980838973434
1897-04-01,0.05512251223018365,296.43023182668804
1897-05-01,0.16852847176991947,296.3889658704216
1897-06-01,-0.08343395384565615,295.5651206386236
1897-07-01,-0.09317983198988995,293.60338984312835
1897-08-01,-0.2139391587400571,291.789299451569
1897-09-01,-0.25835074203893965,291.87923583136666
1897-10-01,-0.2131926149907085,293.2392828971957
1897-11-01,-0.25869603772985533,294.4708162199421
1897-12-01,-0.032815643550712766,295.2845168973193
1898-01-01,-0.2199480539349129,295.80737648387014
1898-02-01,-0.6333131550158622,296.15521111052715
1898-03-01,-0.3964505826813224,296.4861039408931
1898-04-01,-0.24053222217004963,296.7241445414225
1898-05-01,-0.36384182976960266,296.6897917420187
1898-06-01,-0.17425995915830553,295.87328062928754
1898-07-01,-0.27343760669359074,293.9179845277763
1898-08-01,-0.3613661258854718,292.10916390736895
1898-09-01,-0.2407850904252456,292.2032052282639
1898-10-01,-0.40356756218483986,293.56638264644295
1898-11-01,-0.6965847319158379,294.80083897202104
1898-12-01,-0.7937964832418618,295.6178732864945
1899-01-01,-0.2317863292896404,296.15118363038994
1899-02-01,-0.7272172742236248,296.5010100122146
1899-03-01,-0.4164785896748702,296.83321807060713
1899-04-01,-0.2076837112523578,297.0716876743458
1899-05-01,-0.16723774833628208,297.0361957295736
1899-06-01,-0.28016992814684927,296.2165194904657
1899-07-01,-0.17583576633425593,294.2610196233679
1899-08-01,-0.14885334593939045,292.45917994181315
1899-09-01,-0.051955567640169224,292.5567470418671
1899-10-01,-0.03969540908049845,293.92094959541606
1899-11-01,-0.01942871072337278,295.157169739994
1899-12-01,-0.22139499905573162,295.97916096675544
1900-01-01,-0.31334463429223625,296.5142298484143
1900-02-01,0.09107444554510767,296.86590683595637
1900-03-01,0.23721223317141465,297.1993795879976
1900-04-01,-0.09523481903909001,297.43930990242666
1900-05-01,-0.01919428010576539,297.40358255456994
1900-06-01,-0.10552478665153553,296.5846508073218
1900-07-01,-0.09778796609983004,294.62821666670436
1900-08-01,-0.22728681018689026,292.82187171465085
1900-09-01,-0.12230287074978938,292.9227824284118
1900-10-01,0.07037097431726894,294.29503641670135
1900-11-01,-0.20800990947750378,295.5360880232446
1900-12-01,-0.48743607862360916,296.3540192516939
1901-01-01,-0.42474040130656776,296.89021166671944
1901-02-01,0.08856488415481169,297.237437560941
1901-03-01,0.09392492758761921,297.56547981827345
1901-04-01,0.0012436099014927731,297.7983260392554
1901-05-01,-0.21344881857194253,297.75367924019145
1901-06-01,-0.21437758863458756,296.9213353738667
1901-07-01,-0.28936352353334416,294.957314036805
1901-08-01,-0.2904094871312888,293.156012063674
1901-09-01,-0.2709423732456934,293.25228193683387
1901-10-01,-0.290745806631188,294.61319276221
1901-11-01,-0.37124903438616125,295.84525088133637
1901-12-01,-0.07802076879774567,296.66300679571833
1902-01-01,-0.4936994635257109,297.19684268009513
1902-02-01,-0.02354149455687413,297.54419330361446
1902-03-01,-0.5709202249863705,297.87414299246706
1902-04-01,-0.23814700860751756,298.1097854228079
1902-05-01,-0.4317433869272245,298.0685272885546
1902-06-01,-0.34164231187225125,297.2373208293208
1902-07-01,-0.2794158653667067,295.2790316235578
1902-08-01,-0.35481705593385077,293.49279106516894
1902-09-01,-0.4225839449157768,293.5954542056425
1902-10-01,-0.3043543842631601,294.9561893703319
1902-11-01,-0.6671161052527295,296.18889159826585
1902-12-01,-0.6669762969396749,297.01328835616874
1903-01-01,-0.23260971525342772,297.5406237138348
1903-02-01,-0.15404475429064035,297.8893045839851
1903-03-01,-0.04595997116993047,298.21893172699725
1903-04-01,-0.4094161707576666,298.45278346874096
1903-05-01,-0.4223841264916773,298.40936746903407
1903-06-01,-0.5445594544341453,297.5762311671693
1903-07-01,-0.41305073620863186,295.6122364166637
1903-08-01,-0.6001971437359535,293.8157597892667
1903-09-01,-0.565017664731226,293.90967374778086
1903-10-01,-0.5487635699012465,295.2630474632169
1903-11-01,-0.4747508540917113,296.48911777307956
1903-12-01,-0.5069213635337827,297.30718442704944
1904-01-01,-0.7404359972781205,297.82742991741793
1904-02-01,-0.48246073720951654,298.1740364748166
1904-03-01,0.010686974441233203,298.50387398142874
1904-04-01,-0.3282003120514282,298.7399461887501
1904-05-01,-0.4354863655465743,298.7026937051467
1904-06-01,-0.44109821247293696,297.87826354368235
1904-07-01,-0.43647434118812306,295.9203282514031
1904-08-01,-0.4501128672835555,294.12484191376484
1904-09-01,-0.6180115231741419,294.21910990020376
1904-10-01,-0.46382128827430325,295.5727390835609
1904-11-01,-0.2311421030505064,296.80044429261005
1904-12-01,-0.4663486262089597,297.62232697286726
1905-01-01,-0.3566458330867145,298.15481475971364
1905-02-01,-0.6071209856671927,298.5048690042378
1905-03-01,-0.0406887680632085,298.8371190516154
1905-04-01,-0.13638952449840205,299.07469287212984
1905-05-01,-0.18843821999295604,299.03771439917296
1905-06-01,-0.34844542188755473,298.2127902541926
1905-07-01,-0.3876075982079305,296.2540804257805
1905-08-01,-0.30792624981715566,294.45882451563705
1905-09-01,-0.3711847966305696,294.55416285950463
1905-10-01,-0.3363662384196796,295.9094366610492
1905-11-01,-0.17661908029546688,297.13895671043866
1905-12-01,-0.5268000967604483,297.96256117738324
1906-01-01,-0.5265253689842565,298.4969569877342
1906-02-01,-0.2685243521227049,298.84961653250235
1906-03-01,0.031166156376477867,299.185424610185
1906-04-01,0.019689891930024808,299.4277099995554
1906-05-01,-0.19307114172755793,299.3958028416575
1906-06-01,-0.243137665601842,298.57662777559256
1906-07-01,-0.29223985679900194,296.6242905609696
1906-08-01,-0.182613991457238,294.83651513464656
1906-09-01,-0.24197845729397482,294.941085196601
1906-10-01,-0.05082109435280455,296.30644104945804
1906-11-01,-0.31734456912235454,297.5454509438409
1906-12-01,-0.19636304476681407,298.37687681127477
1907-01-01,-0.29330983274205324,298.9164937958894
1907-02-01,-0.591109681527609,299.2749569546735
1907-03-01,-0.12411431999886022,299.61550651832863
1907-04-01,-0.1612804465119123,299.86160054760217
1907-05-01,-0.5268548804112981,299.83236432016633
1907-06-01,-0.45003320263232294,299.0153419508757
1907-07-01,-0.4145002864497741,297.06311659259563
1907-08-01,-0.4157927695076368,295.27441571082596
1907-09-01,-0.3438031672948859,295.3792769109467
1907-10-01,-0.06874960349933702,296.74545684484787
1907-11-01,-0.4062374350716837,297.98448559184135
1907-12-01,-0.4657301915517621,298.814081557474
1908-01-01,-0.5779924894453262,299.3508503699597
1908-02-01,-0.12159033665319285,299.70663485114954
1908-03-01,-0.4876687891164435,300.04424825833166
1908-04-01,-0.5394387687292269,300.28732943546623
1908-05-01,-0.17580545793146438,300.2550926910212
1908-06-01,-0.13407320139530113,299.4354657241445
1908-07-01,-0.18423265274146047,297.480407314536
1908-08-01,-0.4328577066081916,295.68762014742254
1908-09-01,-0.24831550692445678,295.78988742687085
1908-10-01,-0.3439745288366005,297.15468706390004
1908-11-01,-0.9050828587468677,298.39255709801193
1908-12-01,-0.6820849792642617,299.2206517212479
1909-01-01,-0.9488796848059052,299.7577019778593
1909-02-01,-0.4974803960004943,300.11405662960476
1909-03-01,-0.6706083333298973,300.4531867924443
1909-04-01,-0.4787802513872013,300.6985585601241
1909-05-01,-0.43975686873993125,300.66979180983554
1909-06-01,-0.4137112441141246,299.8537384056751
1909-07-01,-0.3688432388935035,297.9023264378677
1909-08-01,-0.29764514446014895,296.1145954758444
1909-09-01,-0.4614646479731879,296.2192687215923
1909-10-01,-0.4934504721278257,297.5844775183407
1909-11-01,-0.4648285052062482,298.8236132586444
1909-12-01,-0.6367994032471752,299.65567200554744
1910-01-01,-0.46382921217682704,300.1945633622158
1910-02-01,-0.4008192622722005,300.553408345352
1910-03-01,-0.5017532476092432,300.8944361430039
1910-04-01,-0.5440380781547958,301.1410915605521
1910-05-01,-0.2557691194780921,301.1134276425397
1910-06-01,-0.43690879074341993,300.29845070262013
1910-07-01,-0.38368583856183974,298.34639676317755
1910-08-01,-0.33128365807120636,296.5564279721107
1910-09-01,-0.4176895154603924,296.65919110945714
1910-10-01,-0.36773918058051336,298.02282036439874
1910-11-01,-0.5151263741716203,299.26074442545575
1910-12-01,-0.9863859348294737,300.0920525129342
1911-01-01,-0.8106828338991814,300.625914720135
1911-02-01,-0.6047056794224887,300.98612970140243
1911-03-01,-0.43307239522066415,301.32979319913886
1911-04-01,-0.27282631753659903,301.58024830288355
1911-05-01,-0.31983276362390106,301.559508043454
1911-06-01,-0.4315323899671078,300.75376921806804
1911-07-01,-0.28262243772704687,298.80780104507636
1911-08-01,-0.3929613092074305,297.01894297046425
1911-09-01,-0.3908067020845303,297.12210596626187
1911-10-01,-0.06581152360529606,298.4862029299324
1911-11-01,-0.1845557222909527,299.72641734888526
1911-12-01,-0.46107397468226285,300.5631780925798
1912-01-01,-0.25898997757333436,301.10745569441053
1912-02-01,-0.20321421500635412,301.4754512659709
1912-03-01,-0.5736473915028532,301.8275110141142
1912-04-01,0.03458970272365135,302.0867633136702
1912-05-01,-0.28001686765989436,302.076249943015
1912-06-01,-0.1250379093748109,301.2812721982414
1912-07-01,-0.5993011849742053,299.3437527913223
1912-08-01,-0.6890833115572079,297.5610093674836
1912-09-01,-0.7852558955763644,297.6681830036493
1912-10-01,-0.7127312326244003,299.03458542576544
1912-11-01,-0.4279323741041724,300.2777673273911
1912-12-01,-0.5174721755507095,301.11917905265904
1913-01-01,-0.7164678437951072,301.8588220031173
1913-02-01,-0.5806209263972821,302.0414115797443
1913-03-01,-0.18312335473785957,302.39461911801936
1913-04-01,-0.3376182528242658,302.65371975981157
1913-05-01,-0.43944866146287015,302.6415433172532
1913-06-01,-0.47442860739471393,301.8438327676279
1913-07-01,-0.4285911816142588,299.90214030324677
1913-08-01,-0.3878482525644451,298.11515940159927
1913-09-01,-0.37301805801136206,298.2183308033884
1913-10-01,-0.38669691302753206,299.5806760646679
1913-11-01,-0.36667570043833214,300.819309491287
1913-12-01,0.07453958795429562,301.6553399290862
1914-01-01,-0.2657561979235266,302.3888954101374
1914-02-01,-0.4029358787310527,302.5686557232892
1914-03-01,-0.45408372419456355,302.91636692941927
1914-04-01,-0.32711519898196734,303.1702762490732
1914-05-01,-0.23973537376083703,303.1527019439509
1914-06-01,-0.19844272836653012,302.3492248243167
1914-07-01,-0.25860775696475313,300.40442705648917
1914-08-01,-0.19225608285619503,298.6170716999195
1914-09-01,-0.26530121719848654,298.71953384305226
1914-10-01,0.14310694270676327,300.0811172339357
1914-11-01,-0.2796533800847658,301.3192686683749
1914-12-01,0.06878126037025803,302.1559013804683
1915-01-01,-0.3893416520693715,302.88612280763226
1915-02-01,-0.2439376342711761,303.0664881322413
1915-03-01,-0.01438892767589482,303.4155747255867
1915-04-01,0.2482887000863242,303.67186680970366
1915-05-01,0.1361745556490929,303.6569209138847
1915-06-01,-0.11788729818068688,302.8577568732368
1915-07-01,-0.19278175617739857,300.91694964561935
1915-08-01,-0.189465829679012,299.130638791308
1915-09-01,-0.16306222441180643,299.2395189925771
1915-10-01,-0.2989649862226616,300.611080555386
1915-11-01,-0.22816928409496243,301.8576673865613
1915-12-01,-0.6842710736368013,302.69772534264456
1916-01-01,-0.2509234364790754,303.4364751787539
1916-02-01,-0.12576880160774875,303.97063604566785
1916-03-01,-0.1677399353103478,304.22869044315667
1916-04-01,-0.38827111374867146,304.2151752726237
1916-05-01,-0.23785013627209373,303.4152482637947
1916-06-01,-0.3391881013629079,301.4730213688038
1916-07-01,-0.30408462882102383,299.68835057811975
1916-08-01,-0.32315690143249626,299.7936506379681
1916-09-01,-0.29059032527636897,301.15792681234853
1916-10-01,-0.19773421498665877,302.398287179264
1916-11-01,-0.6067512963440783,303.2369955566783
1916-12-01,-1.2129302130710755,303.78476747724744
1917-01-01,-0.7586396981077028,304.1553032029705
1917-02-01,-0.41962917988904036,304.5057108985053
1917-03-01,-0.4889334616940268,304.7623162173048
1917-04-01,-0.5231502956191367,304.7477335819197
1917-05-01,-0.5139870042940871,303.94566967434355
1917-06-01,-0.5040970040359171,302.00196489546033
1917-07-01,-0.18623047986853444,300.21961199630925
1917-08-01,-0.3451814255141367,300.3228463406033
1917-09-01,-0.4348489295755661,301.681406325823
1917-10-01,-0.5850725650910016,302.91610835840675
1917-11-01,-0.7264481146798755,303.75167860243056
1917-12-01,-1.0705642679639502,304.29922288588534
1918-01-01,-0.8367520782362065,304.6474656583056
1918-02-01,-0.4819507110267139,304.98638919594845
1918-03-01,-0.3008852600512182,305.2299511822359
1918-04-01,-0.593093130727762,305.1994733466631
1918-05-01,-0.4801293850976093,304.38308295450094
1918-06-01,-0.41434676888699784,302.42225373067976
1918-07-01,-0.38300892491907435,300.6139510298364
1918-08-01,-0.41269951103639435,300.7040430695334
1918-09-01,-0.06838400912443061,302.0589765101303
1918-10-01,-0.013383005604491365,303.2880079311795
1918-11-01,-0.44306477306483505,304.1078050104777
1918-12-01,-0.384140543054453,304.64340342297965
1919-01-01,-0.13592658212208233,304.9916227995319
1919-02-01,-0.5457035449179007,305.3246752562346
1919-03-01,-0.29250484568430135,305.56606401702504
1919-04-01,-0.15936377868726956,305.53531625347375
1919-05-01,-0.07188784028012757,304.72092357682595
1919-06-01,-0.36628567468046586,302.76859816986837
1919-07-01,-0.2839947369623333,300.9737710820893
1919-08-01,-0.12774342703721212,301.0811209657457
1919-09-01,-0.25881258096634546,302.455161658864
1919-10-01,-0.034713045339652145,303.7018725246853
1919-11-01,-0.5974995690768256,304.5353801717876
1919-12-01,-0.30729111994570596,305.0799681143113
1920-01-01,0.08050313969842737,305.44435525493856
1920-02-01,-0.21146693707342995,305.7838608937205
1920-03-01,0.2379024123064005,306.02759518705767
1920-04-01,-0.019088631961891114,305.993735138222
1920-05-01,-0.20417427099232904,305.169668451474
1920-06-01,-0.26378594893301,303.20825053415183
1920-07-01,-0.19391768249208866,301.41297489401734
1920-08-01,-0.16795863215974854,301.51247587415907
1920-09-01,-0.1498181273751079,302.87280535945183
1920-10-01,-0.11164739738610542,304.1060747744713
1920-11-01,-0.2647817872262542,304.93062963697645
1920-12-01,-0.6416343480738971,305.4649168984684
1921-01-01,-0.09146245994923702,305.81414175386783
1921-02-01,-0.24520890777043308,306.1441859883438
1921-03-01,-0.3083907623399575,306.3804768550543
1921-04-01,-0.21653566921235012,306.34056774516165
1921-05-01,-0.3097413813908015,305.5115264638265
1921-06-01,-0.08303059283393185,303.5498559433737
1921-07-01,-0.03346688563442118,301.7587499896391
1921-08-01,-0.2316797907732395,301.86253606301767
1921-09-01,-0.1521929513154262,303.2268886627386
1921-10-01,0.04697290114015703,304.4641573117103
1921-11-01,0.17308251802727911,305.29268163657486
1921-12-01,-0.2335764283429987,305.83156862988886
1922-01-01,0.0942989312750472,306.1797219674381
1922-02-01,-0.4313530223420086,306.50902033676334
1922-03-01,-0.028553522114086394,306.74272988778574
1922-04-01,-0.12521128589153685,306.6967882980535
1922-05-01,-0.46605993907060667,305.8592853805165
1922-06-01,-0.18201055157254048,303.8894224505954
1922-07-01,-0.14512666037015257,302.0922403005906
1922-08-01,-0.3837738556199743,302.1915360288267
1922-09-01,-0.4019428198723371,303.5522897677951
1922-10-01,-0.3405446473316095,304.78552808596766
1922-11-01,-0.14425759527183263,305.6087357805982
1922-12-01,-0.015663877746686015,306.1442470701241
1923-01-01,-0.4334646287913014,306.4845964775556
1923-02-01,-0.22731722431346332,306.8105782850289
1923-03-01,-0.39155335891344134,307.04346314559746
1923-04-01,-0.12612837571585536,306.99747047989456
1923-05-01,-0.19577587766691207,306.1623291463028
1923-06-01,-0.16316025743363163,304.1973236851633
1923-07-01,-0.2655256420415445,302.4076926907198
1923-08-01,-0.1598706902833644,302.5213852715198
1923-09-01,-0.2696143326896255,303.90043807041496
1923-10-01,0.20805384427364676,305.14976600646975
1923-11-01,0.2866529357246828,305.98239775904904
1923-12-01,-0.09227554989067371,306.5242835706546
1924-01-01,-0.24807899588110913,306.8729912802614
1924-02-01,-0.2885790213450459,307.20086454320835
1924-03-01,0.053075475709009036,307.4324471518434
1924-04-01,-0.3813078587706702,307.37949132754477
1924-05-01,-0.07615111136718565,306.53313338715355
1924-06-01,-0.22686519423931384,304.5568330274982
1924-07-01,-0.1533688570593164,302.75805686102973
1924-08-01,-0.27102115104548896,302.8621649509006
1924-09-01,-0.29411256360925175,304.23046213267764
1924-10-01,-0.3081940561586236,305.46642330923197
1924-11-01,-0.016288960943158917,306.2820881054725
1924-12-01,-0.2477496073641562,306.80583301214523
1925-01-01,-0.38461856750409434,307.1342204214025
1925-02-01,-0.4131590589397881,307.44130779266357
1925-03-01,-0.11105731656826688,307.65223491056463
1925-04-01,-0.1952301745445492,307.57703971156366
1925-05-01,-0.22856695530318027,306.7079523566917
1925-06-01,-0.24366171482384377,304.7132609068317
1925-07-01,-0.2896203951667558,302.90245191880217
1925-08-01,-0.20589627686898607,302.9981725532626
1925-09-01,-0.1302176813961341,304.3606560035988
1925-10-01,0.009769085505875106,305.59139580243897
1925-11-01,-0.03842100962376432,306.4009425645993
1925-12-01,0.06788800238880839,306.92319505715074
1926-01-01,0.30105803529751246,307.2502529464533
1926-02-01,-0.234292718432696,307.55533839896873
1926-03-01,0.28442369138718604,307.7665356497117
1926-04-01,-0.01991872063007507,307.69106925493406
1926-05-01,-0.2824113022775706,306.8210605729656
1926-06-01,-0.3225309367138693,304.8340672702554
1926-07-01,-0.1298895847638701,303.0432117674086
1926-08-01,-0.11770823740692915,303.15974257904804
1926-09-01,0.017344367060453728,304.54225079477567
1926-10-01,0.17523661934528467,305.7919476577382
1926-11-01,0.026873015424815974,306.6177122982637
1926-12-01,-0.35341002720616677,307.1484688464506
1927-01-01,-0.30584543058725633,307.48378280168697
1927-02-01,-0.0955322013375816,307.7954786738643
1927-03-01,-0.5926084033106516,308.0099913250958
1927-04-01,-0.19464121031864876,307.9321764896534
1927-05-01,-0.014155022693508571,307.05472290557105
1927-06-01,-0.21460163152700046,305.0598478599831
1927-07-01,-0.14991106697414508,303.2642956095566
1927-08-01,-0.1850302891746352,303.3752774584735
1927-09-01,-0.04551715440318445,304.75087859024234
1927-10-01,0.11345941659640067,305.99256330654947
1927-11-01,0.09772664042242415,306.8079370074802
1927-12-01,-0.4597927292344287,307.3271427536011
1928-01-01,0.2950164982676922,307.65205844361105
1928-02-01,0.17913266596931335,307.95355382189337
1928-03-01,-0.15244110621537385,308.1596140190407
1928-04-01,-0.1555233451961286,308.0740270586367
1928-05-01,-0.3968615811100248,307.189551728331
1928-06-01,-0.37117959089655655,305.1932479740661
1928-07-01,-0.16476726919951568,303.40367666927386
1928-08-01,-0.17212686832262283,303.52193720499673
1928-09-01,-0.16223859270979077,304.90503677462357
1928-10-01,-0.14751703167197672,306.15455528777323
1928-11-01,0.04950863208357401,306.9768871458077
1928-12-01,-0.11578048383503324,307.49450313756495
1929-01-01,-0.34002144511967386,307.8238393995497
1929-02-01,-0.09681154888638652,308.12930318008233
1929-03-01,-0.41571574948620904,308.3379271194081
1929-04-01,-0.3835158146986205,308.2535945911172
1929-05-01,-0.5539257691337419,307.36868856029747
1929-06-01,-0.5092717105308494,305.36860745653695
1929-07-01,-0.46937734148556565,303.57342038566685
1929-08-01,-0.3186124986951379,303.68435606120545
1929-09-01,-0.17545739163502816,305.0589632703051
1929-10-01,-0.03093036470129733,306.3002879818575
1929-11-01,-0.2179138302097228,307.11547385557196
1929-12-01,-0.28370612364247644,307.6289450464131
1930-01-01,0.151830709478262,307.95459026477954
1930-02-01,-0.2667023421717913,308.25490401986207
1930-03-01,-0.16333719987089965,308.459558832616
1930-04-01,-0.11808061524394531,308.37241156118887
1930-05-01,-0.1899686625910849,307.48529400389873
1930-06-01,-0.11167882318904622,305.48688353409
1930-07-01,0.02201174495322532,303.6979263267988
1930-08-01,-0.16208632253416477,303.8133899015262
1930-09-01,-0.056002021999321944,305.1913574534287
1930-10-01,-0.06847177590272956,306.437253377467
1930-11-01,0.4040924611385143,307.2608816090337
1930-12-01,0.02777266299849302,307.79037670794827
1931-01-01,-0.2927848251738201,308.1233523069782
1931-02-01,-0.24099168361077747,308.4312242936499
1931-03-01,-0.16866132601034078,308.64324932333864
1931-04-01,-0.1258741255761949,308.5608683602604
1931-05-01,-0.24010016666961362,307.67555031199515
1931-06-01,0.012143931488587646,305.6851416495994
1931-07-01,0.058513008208406235,303.9118580745179
1931-08-01,-0.05219986209981314,304.041221584273
1931-09-01,0.03397060227332242,305.430757911117
1931-10-01,0.17236160936704148,306.686587572451
1931-11-01,0.3428548372479388,307.5195585467492
1931-12-01,0.15114648140222284,308.0575677688033
1932-01-01,0.007033424691856702,308.395764323105
1932-02-01,0.016075855748390582,308.7066942200837
1932-03-01,0.27552278807983027,308.92009957866907
1932-04-01,0.09139523794625984,308.83485160356685
1932-05-01,0.10842502000286927,307.942104790299
1932-06-01,-0.1921999180546063,305.95028473135864
1932-07-01,-0.12626186908731848,304.18373803126957
1932-08-01,-0.1957361331003503,304.3177572914406
1932-09-01,0.15341363248393838,305.70956055017166
1932-10-01,0.0720398182827899,306.96719600065256
1932-11-01,-0.4669228128530235,307.8024425407692
1932-12-01,-0.10143168859614324,308.33618485957015
1933-01-01,0.1698393192188342,308.67298385431735
1933-02-01,0.05825208337571675,308.98625181315856
1933-03-01,-0.2124644271059366,309.20340645448664
1933-04-01,-0.2350588109496815,309.12297016379273
1933-05-01,-0.3532403070301948,308.2363340669797
1933-06-01,-0.4792188906299864,306.25316634472506
1933-07-01,-0.2570864108529799,304.49877777240897
1933-08-01,-0.22964942969276067,304.6461149493559
1933-09-01,-0.325581859972038,306.0513991329994
1933-10-01,-0.19799946871908153,307.32280315163695
1933-11-01,-0.48793186846677195,308.1700936602369
1933-12-01,-0.36917070819834186,308.7163786221728
1934-01-01,-0.12105727025237004,309.0636363111896
1934-02-01,0.09944721020141507,309.3829750277672
1934-03-01,-0.05945085848920922,309.6034294533435
1934-04-01,-0.44232796586995016,309.5217861538169
1934-05-01,-0.05431108747855023,308.6287363212491
1934-06-01,-0.16075765780050177,306.6393153541471
1934-07-01,-0.09245582451464726,304.88331805664814
1934-08-01,-0.1267677980680454,305.02668429904514
1934-09-01,-0.05192601209144431,306.42598082554196
1934-10-01,0.21263566724071226,307.69285336529765
1934-11-01,0.3443577478153512,308.53678010022196
1934-12-01,0.053684923877291575,309.0794110437087
1935-01-01,-0.5645895722507277,309.42477041833195
1935-02-01,0.14448074809705297,309.7472717468827
1935-03-01,-0.06681362767775757,309.97523394926094
1935-04-01,-0.37905971811174094,309.9054123089637
1935-05-01,-0.4331691014862511,309.0291120359633
1935-06-01,-0.2041564029492248,307.06321879869625
1935-07-01,-0.13464508258599062,305.33843459470773
1935-08-01,-0.1748991361442904,305.5167055153552
1935-09-01,-0.20954330772634186,306.9531188573955
1935-10-01,0.2507637294823327,308.2595012029012
1935-11-01,-0.2203458346694768,309.142796975595
1935-12-01,-0.11497195298687019,309.72428628850867
1936-01-01,-0.28671846670107387,310.1043820388229
1936-02-01,-0.41571924669676,310.4615773434109
1936-03-01,-0.5533855163147757,310.72135435222106
1936-04-01,-0.06329170941854378,310.6786850145128
1936-05-01,-0.10669875828891957,309.82479820534036
1936-06-01,-0.0006593300349195548,307.87670711611526
1936-07-01,-0.012994081293195738,306.1667151844354
1936-08-01,-0.029701209145532585,306.3579992572172
1936-09-01,0.010651662095230073,307.80457156805346
1936-10-01,0.1268084143303359,309.117202191294
1936-11-01,0.11351832309841431,309.99951299125763
1936-12-01,0.10225070775270166,310.58095484274406
1937-01-01,0.560110236393627,310.95210750391453
1937-02-01,0.08664165767574987,311.2954116981412
1937-03-01,-0.031869347744116525,311.53764166090224
1937-04-01,0.009194397406837574,311.4715170137382
1937-05-01,0.11274457341397318,310.5893320724111
1937-06-01,0.07571358617907678,308.61447581821017
1937-07-01,0.07284810246855387,306.88230178267867
1937-08-01,0.04646694258514071,307.05290662176816
1937-09-01,0.16889655898373765,308.4790163478145
1937-10-01,0.2264248012936214,309.77039762614686
1937-11-01,0.3464651155382669,310.62730985099887
1937-12-01,0.16700082392151988,311.1829050450266
1938-01-01,0.35697789418611153,311.5302982862496
1938-02-01,0.423456217229826,311.8511524727904
1938-03-01,0.35006902519838656,312.0736938161026
1938-04-01,0.18854277788771348,311.98904716538794
1938-05-01,-0.06315765892274558,311.0907289618033
1938-06-01,-0.028668196972054895,309.1092487938021
1938-07-01,0.05035325089535177,307.37927834075174
1938-08-01,0.061371234539339514,307.5569478070294
1938-09-01,0.18142872015963876,308.9929824725493
1938-10-01,0.6467441118426015,310.2952785162278
1938-11-01,0.5277181541255661,311.16099992398864
1938-12-01,0.2791630015789065,311.7247814512842
1939-01-01,-0.023923643825731544,312.0782898999438
1939-02-01,-0.04604492430529283,312.4055233237184
1939-03-01,-0.09352170616899833,312.6330798467
1939-04-01,0.16793433928886778,312.549398983143
1939-05-01,0.08099501321673269,311.6484524220596
1939-06-01,0.04030831965561588,309.66499593805383
1939-07-01,0.05953135737856035,307.9354556844264
1939-08-01,0.029917922629089835,308.1150779907792
1939-09-01,0.12416721954908269,309.55298303062534
1939-10-01,0.1047704220863648,310.8553177341414
1939-11-01,-0.01993319311977354,311.7151771083879
1939-12-01,0.44509688181889373,312.2708471924582
1940-01-01,0.5049705659449935,312.6179601377322
1940-02-01,0.13599719373692776,312.93591882399573
1940-03-01,0.15590116121375286,313.15400771058637
1940-04-01,0.21232904715946424,313.0589733552344
1940-05-01,0.17033777172287384,312.14535503199073
1940-06-01,0.06733033258836184,310.15340209019035
1940-07-01,0.28453992428693625,308.4230253605784
1940-08-01,0.12328025163749462,308.60345203069994
1940-09-01,0.3222057124442736,310.04227735072004
1940-10-01,0.24243865190663175,311.34609055648616
1940-11-01,0.09346196325597837,312.2045493015242
1940-12-01,0.2614876998225739,312.75509793411067
1941-01-01,-0.2444619182985761,313.0997501881917
1941-02-01,0.1680690100844693,313.4136197441007
1941-03-01,-0.12267472538065483,313.62688648836115
1941-04-01,-0.32574438991778903,313.52490943437743
1941-05-01,-0.027511544647666145,312.6018845202599
1941-06-01,-0.010279159604145377,310.6025235964928
1941-07-01,0.18329103375454414,308.86921245245287
1941-08-01,-0.009644939237448075,309.04552203614037
1941-09-01,-0.1877886632337472,310.4785174475776
1941-10-01,0.21026281619700804,311.7765198107119
1941-11-01,-0.16780672793139548,312.62800630781385
1941-12-01,0.26824542806118545,313.1718227687883
1942-01-01,0.8121969518380792,313.5064982298863
1942-02-01,0.04417226927881119,313.8102143742126
1942-03-01,-0.1219344937282883,314.0129728430289
1942-04-01,-0.044405188207978175,313.8985542019503
1942-05-01,0.1866592668324514,312.9613232162852
1942-06-01,0.02341779451298871,310.9513885931321
1942-07-01,0.020273270699482992,309.21286749945745
1942-08-01,-0.05346279216416896,309.3840188834108
1942-09-01,0.05007467835161704,310.81087256725925
1942-10-01,0.2518913498692326,312.1024605009291
1942-11-01,0.08319680172251859,312.94529654703024
1942-12-01,0.3421124620491759,313.47911604375014
1943-01-01,-0.10847552207164136,313.7984226146745
1943-02-01,0.21012207810106234,314.0883148833852
1943-03-01,0.02376613827191345,314.2759363593584
1943-04-01,0.43386570243825723,314.14338185345684
1943-05-01,0.30841450802269055,313.1858799786038
1943-06-01,0.17875187095283404,311.1564876504592
1943-07-01,0.20019838044942972,309.4001927425243
1943-08-01,0.21635186440841592,309.55596673470956
1943-09-01,0.17153898741417867,310.9685848542202
1943-10-01,0.6295320453302674,312.2446167595004
1943-11-01,0.49133709600404374,313.0677807391131
1943-12-01,0.1856730655612037,313.5879864134612
1944-01-01,0.600769089258399,313.88754143373467
1944-02-01,0.4718382717092128,314.1566011598375
1944-03-01,0.5337746939690012,314.324072824643
1944-04-01,0.2619694277850026,314.1688789198134
1944-05-01,0.16604050634812378,313.1877213593471
1944-06-01,0.160402556310722,311.14389334596234
1944-07-01,0.1731158100286149,309.38369399930224
1944-08-01,0.13786280139793006,309.54073623468844
1944-09-01,0.2626406681890256,310.95719261734575
1944-10-01,0.49978177404719576,312.2360199403174
1944-11-01,0.38423179085266596,313.05721257763145
1944-12-01,0.5466634935191146,313.56709844612783
1945-01-01,0.34120223796831023,313.86685220318077
1945-02-01,0.3481185103067805,314.13413577468305
1945-03-01,0.1372951316101221,314.29987948099773
1945-04-01,0.3978836780791536,314.1416276517326
1945-05-01,0.02448177759871894,313.1557674954261
1945-06-01,-0.026713268430800817,311.1118445794376
1945-07-01,0.05467885924233435,309.35365222177387
1945-08-01,0.22246429629704004,309.5120327815303
1945-09-01,0.1433695476463663,310.9291097433773
1945-10-01,0.41062074017526834,312.2083083814456
1945-11-01,-0.12916333630214946,313.0305258889846
1945-12-01,-0.030120990584183598,313.53833818930167
1946-01-01,0.059776555205991934,313.836385639332
1946-02-01,-0.12473873512819648,314.1064772471675
1946-03-01,0.21475106625080348,314.2765087226585
1946-04-01,-0.09459546639516746,314.1240365666519
1946-05-01,0.08660209496170511,313.14639151396574
1946-06-01,-0.10788182958970381,311.1106536088166
1946-07-01,-0.039432046928544455,309.3611137959987
1946-08-01,-0.1872852256650787,309.5317670068623
1946-09-01,-0.057683963723981414,310.9635265420984
1946-10-01,-0.002846235722556971,312.2577257071601
1946-11-01,0.04455259121391637,313.09250358251876
1946-12-01,-0.20517867255638153,313.6138908423907
1947-01-01,0.5260062531646317,313.93155042907335
1947-02-01,0.3863370490793744,314.2111931228638
1947-03-01,0.3663795712880471,314.3883576673343
1947-04-01,0.15220273672447523,314.2393982173778
1947-05-01,0.04537265031291524,313.25945775820884
1947-06-01,-0.03583358453014635,311.2209096202144
1947-07-01,0.006685135922901626,309.4745720587836
1947-08-01,-0.08115104183897355,309.6408756557512
1947-09-01,0.01368868280850894,311.06150268507594
1947-10-01,0.4570048139649012,312.3465269672723
1947-11-01,0.4430276313886419,313.17427425196144
1947-12-01,-0.061611639364773284,313.69042600137215
1948-01-01,-0.06896192903495527,313.98881440433456
1948-02-01,-0.2649364912557427,314.2571807404506
1948-03-01,-0.18562917175282612,314.42392082402733
1948-04-01,-0.2104315911425331,314.2642672202028
1948-05-01,0.05431360106434023,313.27484876185287
1948-06-01,0.014768860635272931,311.2313668738471
1948-07-01,-0.11357277024113456,309.4858994010643
1948-08-01,-0.10260912817163627,309.6585568581098
1948-09-01,-0.11696135064853695,311.0891343387557
1948-10-01,0.09198521889580559,312.3848720267967
1948-11-01,-0.2199093924299273,313.220676915675
1948-12-01,-0.9026019503173033,313.7413171509166
1949-01-01,-0.20592623852360856,314.0523251936171
1949-02-01,-0.02050082221101945,314.3311738139023
1949-03-01,0.3684201850019987,314.50880883299277
1949-04-01,-0.35324373392016745,314.35968722684885
1949-05-01,-0.19675100134021736,313.380013904807
1949-06-01,-0.3409488177600438,311.34775729756296
1949-07-01,-0.20602330822522888,309.6148302469136
1949-08-01,-0.11676627825482443,309.7990454214591
1949-09-01,-0.14379668808161314,311.2398643305272
1949-10-01,-0.084290429841264,312.5456481420258
1949-11-01,-0.09407711195279242,313.39077653625867
1949-12-01,0.21440468919986874,313.91838715117655
1950-01-01,-0.07370050663057005,314.2446557640735
1950-02-01,-0.3928772797668765,314.5296308734093
1950-03-01,0.10059048311546717,314.7117208414902
1950-04-01,-0.2250317895611302,314.5649403404895
1950-05-01,-0.08727842390857747,313.58264662047964
1950-06-01,-0.012322437498789317,311.5485540634909
1950-07-01,0.042571979921476565,309.8220513256685
1950-08-01,-0.16662702304233115,310.00373319272643
1950-09-01,-0.10220663744709482,311.43434652022376
1950-10-01,-0.12771775011636102,312.7345846388075
1950-11-01,-0.12143172558469843,313.5798364130656
1950-12-01,-0.3292123615883943,314.1090466751287
1951-01-01,-0.6831434623864462,314.423488497322
1951-02-01,-0.3956052860176614,314.7061091689122
1951-03-01,0.030478969398331557,314.8869742103859
1951-04-01,0.04345359883591595,314.73967009179387
1951-05-01,0.177091567593919,313.75813460314714
1951-06-01,0.034570327342573176,311.727439284619
1951-07-01,0.0229486915278338,310.00989393728753
1951-08-01,0.18611697682217848,310.2035661047476
1951-09-01,0.18205567452313354,311.64792928625036
1951-10-01,0.3131356453470166,312.9639855999417
1951-11-01,-0.05455167349719866,313.8244073806574
1951-12-01,0.00808550858143456,314.3679805284665
1952-01-01,0.16569641998027626,314.6970381720272
1952-02-01,0.31698682232695585,314.9943495361893
1952-03-01,-0.12668981973724064,315.18945543689495
1952-04-01,0.06531498523454335,315.05494341485297
1952-05-01,0.20802109864570825,314.0846101742026
1952-06-01,0.13302335676870117,312.06472834504683
1952-07-01,0.16780875978238546,310.35811293660856
1952-08-01,0.14585210097359144,310.5621689864736
1952-09-01,0.2115890151344358,312.0157705881566
1952-10-01,0.1339187427927351,313.33991199870167
1952-11-01,0.19798296115946604,314.2058687681033
1952-12-01,0.21463761893786096,314.7547144962829
1953-01-01,0.13838546052266357,315.09095590520786
1953-02-01,0.3141629489269516,315.389902390845
1953-03-01,-0.019821180979034184,315.58548952879727
1953-04-01,0.5647406271605222,315.4492740513366
1953-05-01,0.3806585657526677,314.47421216470224
1953-06-01,0.33327659855265196,312.4521579276191
1953-07-01,0.2028081490943136,310.74973827220776
1953-08-01,0.11242646540563153,310.95502594323807
1953-09-01,0.167149910242894,312.4064948574113
1953-10-01,0.2146755140785983,313.7303085793389
1953-11-01,0.39905404830523433,314.5965003698843
1953-12-01,0.14071465020081184,315.13994060375074
1954-01-01,-0.1616701776442979,315.47023945231496
1954-02-01,0.03184073308904802,315.7667502226653
1954-03-01,-0.24564751681341762,315.9597569241936
1954-04-01,0.14859288562355236,315.8210639364925
1954-05-01,0.11693235217492992,314.8434832466973
1954-06-01,0.006216897170762985,312.8176937183333
1954-07-01,-0.09614393673702658,311.1112858685152
1954-08-01,-0.03799043564384147,311.3121565218325
1954-09-01,0.0678072559657687,312.7587925225717
1954-10-01,0.3598420541463761,314.0789097185488
1954-11-01,0.48435307998912097,314.9418120358314
1954-12-01,0.1974784330972131,315.4783297682397
1955-01-01,0.4320689466576768,315.8036672827638
1955-02-01,-0.23542236298784117,316.0972026777856
1955-03-01,-0.10765293001588565,316.2875129793897
1955-04-01,0.03572863791010888,316.14760074238717
1955-05-01,-0.3617077775032771,315.1703985011725
1955-06-01,0.10923737834681484,313.1396811365198
1955-07-01,0.006530360271287618,311.4260530721405
1955-08-01,0.5330921824263015,311.62043388790556
1955-09-01,-0.20077877800349167,313.0614768741749
1955-10-01,0.34654313388367164,314.37767606664585
1955-11-01,-0.33126425826118433,315.2369642026925
1955-12-01,-0.3565368723436429,315.7676957424776
1956-01-01,0.08197991461697843,316.0926103563662
1956-02-01,0.24389947148884394,316.3847373482033
1956-03-01,-0.0646914767850199,316.57417117177704
1956-04-01,-0.2778636601159044,316.4356632355113
1956-05-01,-0.5329182108432191,315.46159685252627
1956-06-01,-0.1987718250793062,313.4288535487799
1956-07-01,-0.004592155206074078,311.71074736324357
1956-08-01,-0.606859480214876,311.89963761412065
1956-09-01,-0.06514361043829538,313.33501718356285
1956-10-01,-0.4923488709519556,314.6480579894266
1956-11-01,0.08609677814407163,315.507276763916
1956-12-01,0.527463185133772,316.0458933860873
1957-01-01,-0.0876294893266005,316.3738069218765
1957-02-01,0.13423014836860547,316.66740743283873
1957-03-01,-0.009588351620564987,316.8587880433636
1957-04-01,0.07596521541762376,316.7223252633177
1957-05-01,0.15890266983101095,315.7498139233059
1957-06-01,0.31180905224337285,313.72000307860196
1957-07-01,-0.10011452755129492,312.0096415352527
1957-08-01,0.160681115769797,312.20541263015184
1957-09-01,0.05219195746167503,313.64632334485464
1957-10-01,0.2525031010504302,314.96716228014157
1957-11-01,0.03214019104668452,315.83493375330795
1957-12-01,-0.2665497380720301,316.38213505780254
1958-01-01,0.4780460925211369,316.72097265408365
1958-02-01,0.18515672073328845,317.0207490784445
1958-03-01,0.1518903573861245,317.2171808558335
1958-04-01,-0.31387238679016277,317.0837163327064
1958-05-01,-0.08785419541551232,316.1102526798955
1958-06-01,-0.330922757317087,314.0803038623009
1958-07-01,-0.06546544166067522,312.37650348333665
1958-08-01,-0.24588287423598112,312.57313774956594
1958-09-01,-0.15226776415537235,314.00979765479946
1958-10-01,-0.00535104676232501,315.3308505074772
1958-11-01,-0.04487516994522571,316.2024139639772
1958-12-01,-0.1245576582418107,316.7496739126135
1959-01-01,-0.021369309698698945,317.0902017475646
1959-02-01,0.0950435591139338,317.3980801287992
1959-03-01,0.21711314574822263,317.6061290910509
1959-04-01,0.40085522342628405,317.488953912994
1959-05-01,0.23390260692794565,316.53610917503454
1959-06-01,0.030255309602015102,314.5301894162025
1959-07-01,0.046719624209887047,312.85877672266076
1959-08-01,-0.020551510156739648,313.09095391167534
1959-09-01,-0.24205325096232372,314.56482101958477
1959-10-01,-0.0012366965969714879,315.92902096030156
1959-11-01,0.0693810803140524,316.84708006540933
1959-12-01,0.05391767510054941,317.4423067210633
1960-01-01,-0.02508057634861963,317.8248635016547
1960-02-01,-0.0030928254471510757,318.17282466134907
1960-03-01,-0.5710118288993783,318.41637958102757
1960-04-01,-0.31454643534169174,318.32857276963597
1960-05-01,0.044396538331573795,317.39700478542
1960-06-01,-0.08090070460165184,315.402787162875
1960-07-01,-0.008751650977416658,313.7361859983279
1960-08-01,-0.002074990827910514,313.96264144567795
1960-09-01,0.09209542102441372,315.4212379479114
1960-10-01,0.13501892304971533,316.76574630454735
1960-11-01,-0.2759726458235963,317.65957212801334
1960-12-01,0.2454948049548855,318.23080574600783
1961-01-01,-0.07980413043045186,318.5756888005763
1961-02-01,0.0883152774399426,318.8916984251988
1961-03-01,-0.10040221460250019,319.1048497602675
1961-04-01,0.12900400147627544,318.98848320760845
1961-05-01,0.11418777068878229,318.0333569058077
1961-06-01,0.2172635019921446,316.02390374737024
1961-07-01,-0.047877022439444125,314.3495512686835
1961-08-01,-0.039987303649048386,314.5809831539201
1961-09-01,0.18777062319795582,316.05440603326866
1961-10-01,0.09050315796363956,317.4171511675988
1961-11-01,0.16229121945784233,318.328074542387
1961-12-01,-0.3516354153445662,318.9173113293118
1962-01-01,-0.11811110373197631,319.28925705897956
1962-02-01,0.0037850169313080324,319.6255898647544
1962-03-01,0.3105494578271977,319.85702322500725
1962-04-01,-0.023676844506021373,319.7543953530582
1962-05-01,-0.40731484328783785,318.8068127860552
1962-06-01,0.1655478966637275,316.8001072570424
1962-07-01,-0.11801906456128894,315.12611965556204
1962-08-01,-0.21779629624178384,315.35032139012844
1962-09-01,-0.27223961393319307,316.809015414391
1962-10-01,-0.26897083828576035,318.1544876583712
1962-11-01,0.15113664511923025,319.0432699292972
1962-12-01,-0.26360698275429095,319.6074369571827
1963-01-01,-0.20514981634319993,319.9473690136568
1963-02-01,-0.17697477765862762,320.2568765466007
1963-03-01,-0.5998480424675573,320.46367068961814
1963-04-01,-0.24527145968289343,320.3389074264338
1963-05-01,-0.17077512675914233,319.374169031779
1963-06-01,0.0014689486355215315,317.35693753089436
1963-07-01,0.05471783512184419,315.6815695576609
1963-08-01,0.5437530419493006,315.9165788071244
1963-09-01,0.26801334319790365,317.39479914771186
1963-10-01,-0.13602726181970914,318.76474983544995
1963-11-01,-0.08798534857080094,319.67646812909913
1963-12-01,-0.13895905688330124,320.2582877222697
1964-01-01,-0.46041386773528764,320.6277369397952
1964-02-01,-0.10401344031276163,320.9596489602548
1964-03-01,-0.4547649854001958,321.18499966798004
1964-04-01,-0.8427515530347559,321.07368167170773
1964-05-01,-0.7872179626262278,320.1147909743698
1964-06-01,0.19694578122161152,318.0914744454843
1964-07-01,0.01664277577797148,316.4011528288288
1964-08-01,-0.32071912369288874,316.60871719690016
1964-09-01,-0.539657275633626,318.0490725138158
1964-10-01,-0.4897386746290363,319.3784568287414
1964-11-01,-0.2838326007167553,320.2474251090156
1964-12-01,-0.102867175311839,320.78891320122614
1965-01-01,-0.0412962254901233,321.1145580984045
1965-02-01,-0.026102908015900664,321.4081932543531
1965-03-01,-0.1359663568307212,321.6027624469333
1965-04-01,-0.20313921156578016,321.47018954618477
1965-05-01,-0.2058264063142416,320.50213575622183
1965-06-01,-0.16913662531655813,318.485403582726
1965-07-01,-0.18964556177528355,316.82411040977195
1965-08-01,0.09580975848993609,317.0807911300659
1965-09-01,-0.42630243170696963,318.58585453127637
1965-10-01,-0.08497714947903996,319.9949614480101
1965-11-01,0.2784025424846256,320.9507739874757
1965-12-01,-0.21544436089155677,321.582717666155
1966-01-01,-0.6023946280111588,321.99527411943603
1966-02-01,-0.03900479345903972,322.3746702721678
1966-03-01,-0.06083658655651951,322.64721194043574
1966-04-01,-0.1798071936403299,322.58012780978356
1966-05-01,-0.2708074775068494,321.6615302926523
1966-06-01,-0.10801209330807368,319.67403140974636
1966-07-01,0.2669846865107325,318.0200696078642
1966-08-01,-0.20827777255512303,318.2603992659957
1966-09-01,0.056757192782598075,319.72710246568846
1966-10-01,-0.5586060854330975,321.08017850381356
1966-11-01,0.06677551131351415,321.9628509286009
1966-12-01,0.36040380739423533,322.5074834837737
1967-01-01,-0.07219116041145582,322.829099165834
1967-02-01,-0.34260816927738796,323.11937653765267
1967-03-01,0.2897383265959075,323.30677339389
1967-04-01,0.07184918608622543,323.1632919895502
1967-05-01,0.3491237264867709,322.182493369491
1967-06-01,-0.12618331161063195,320.14750627965105
1967-07-01,0.1887046985274433,318.46420111856344
1967-08-01,-0.018093552950228183,318.70311623278957
1967-09-01,0.1455131897986966,320.19329359925825
1967-10-01,0.08192414684661839,321.58776296497865
1967-11-01,-0.04596625280968161,322.524103930438
1967-12-01,0.1757636696722228,323.13063962724476
1968-01-01,-0.16012469631445417,323.52793481709045
1968-02-01,-0.10137973366010657,323.89255198254995
1968-03-01,0.2937281019315348,324.1528020157049
1968-04-01,0.025602993314946174,324.0775241978963
1968-05-01,-0.0973893014897945,323.15598451355356
1968-06-01,-0.04319220216386135,321.16266478409
1968-07-01,-0.3280925340708944,319.5027814799179
1968-08-01,-0.2523466287483233,319.7442319384916
1968-09-01,-0.5289337987621147,321.21831942334586
1968-10-01,0.17293565026309768,322.5850353561213
1968-11-01,-0.38339324321344753,323.4835675359655
1968-12-01,-0.41235271358135833,324.05497245035053
1969-01-01,0.027309440392392085,324.4009893393811
1969-02-01,-0.23585206705761716,324.71941955660594
1969-03-01,-0.5011666662320986,324.9396555634487
1969-04-01,0.018400427847698072,324.83283941810515
1969-05-01,0.24260903532436207,323.8937227140827
1969-06-01,0.15739165215698878,321.9031725066385
1969-07-01,-0.31184964953819866,320.27300667750984
1969-08-01,0.03792605484731167,320.57438304053414
1969-09-01,0.15473246521105177,322.1349839363569
1969-10-01,0.23314187474813194,323.6065957104718
1969-11-01,-0.05480114840468258,324.6145038303328
1969-12-01,0.4530002715892399,325.30242787867417
1970-01-01,0.1387005021538671,325.7711510378049
1970-02-01,0.11751691865798904,326.1968663283925
1970-03-01,0.29272668218566433,326.511652143031
1970-04-01,-0.23538361209247047,326.4781935990887
1970-05-01,-0.14640317615499718,325.58456549044007
1970-06-01,-0.1280332926064993,323.6122826004028
1970-07-01,-0.029357604492907717,321.9786815214746
1970-08-01,-0.2284065462058856,322.23361727396644
1970-09-01,0.3496202902990013,323.70750083405295
1970-10-01,0.09999477947102278,325.06922760480717
1970-11-01,-0.1580921671426176,325.9385858455705
1970-12-01,-0.19635627679826057,326.4673030876819
1971-01-01,-0.22060768641292958,326.7712129795404
1971-02-01,0.07328967369351601,327.03631065980886
1971-03-01,-0.11854900615839534,327.2000677424301
1971-04-01,0.13644501528062414,327.03207194481365
1971-05-01,0.030176161928878557,326.0280316265718
1971-06-01,-0.1919593890215222,323.97998288566686
1971-07-01,-0.12748064411921303,322.3195595319771
1971-08-01,0.052117832796903664,322.5958712269347
1971-09-01,0.05365494431761103,324.1394248378424
1971-10-01,0.011480455849292179,325.6177844982383
1971-11-01,-0.17786529775551388,326.6351212348467
1971-12-01,-0.09276145462169688,327.33997686598036
1972-01-01,-0.05228080632420719,327.8396432650531
1972-02-01,-0.17254554019115492,328.3160877340811
1972-03-01,0.2367597505173064,328.6990204125864
1972-04-01,-0.16908471187231314,328.7500419998169
1972-05-01,-0.03659960587368659,327.95790552680876
1972-06-01,-0.038370057708330574,326.10974061377254
1972-07-01,-0.10613371320903915,324.63619215506094
1972-08-01,0.4270946980565018,325.0727202191765
1972-09-01,0.09728573329024952,326.7478208410004
1972-10-01,0.005947360029196951,328.33443575070226
1972-11-01,-0.036305337486804534,329.4277079174842
1972-12-01,0.023967124129719904,330.1859372226103
1973-01-01,0.2575486815128587,330.70792218714587
1973-02-01,-0.05402476233220338,331.1820844226413
1973-03-01,0.010040195055732176,331.5388535125167
1973-04-01,0.36924428273501203,331.5384146697433
1973-05-01,0.3189223213925279,330.6707998077958
1973-06-01,0.11492653419420383,328.7286308674753
1973-07-01,-0.027708357758350764,327.15094854755165
1973-08-01,-0.06826581516712098,327.46473422580294
1973-09-01,0.043062623572981344,329.00065521711184
1973-10-01,0.13843790070584205,330.4372238135632
1973-11-01,0.1740947179113024,331.3623651386779
1973-12-01,-0.16025378130607387,331.93205385749724
1974-01-01,0.13497215015405942,332.2713840253854
1974-02-01,-0.3323882185918207,332.5631393889439
1974-03-01,-0.04043777840991157,332.7393494777915
1974-04-01,-0.16529528268339208,332.5644526182575
1974-05-01,-0.06325241980707833,331.5313716827204
1974-06-01,-0.06905049895632027,329.43204231780254
1974-07-01,-0.050324836998665017,327.7084242060155
1974-08-01,0.4838088604995672,327.8930128351847
1974-09-01,-0.07425872238497129,329.3186603084611
1974-10-01,0.018403686720860447,330.6629855633959
1974-11-01,-0.07396738576162622,331.51456611962965
1974-12-01,-0.028831637745209318,332.0280642200988
1975-01-01,-0.10375674476701348,332.32687584158816
1975-02-01,0.3590111053588726,332.59026691578055
1975-03-01,0.37293521596679147,332.7507968930845
1975-04-01,0.10663660268119217,332.57246546050646
1975-05-01,0.4642264480432109,331.54676998515185
1975-06-01,-0.08318054256994026,329.4626694135313
1975-07-01,-0.13279106754436398,327.7616082443426
1975-08-01,-0.486676490938988,327.9744884957208
1975-09-01,-0.07133281512051802,329.4342698448087
1975-10-01,-0.08565670233677934,330.8220936287774
1975-11-01,-0.25157340662524963,331.7238221896136
1975-12-01,-0.035346572496933,332.2905117510572
1976-01-01,0.09500745134523213,332.64993390354107
1976-02-01,0.17523983712794453,332.9832131397577
1976-03-01,0.12459337780801423,333.2201532255573
1976-04-01,-0.1580294003878089,333.12635945119973
1976-05-01,-0.4691645754725571,332.19309269846224
1976-06-01,-0.30133256731366825,330.2001310612243
1976-07-01,0.06387706286526795,328.5933707762353
1976-08-01,-0.2836366185733178,328.9062270647214
1976-09-01,0.004962147661014057,330.4725180383376
1976-10-01,-0.3973560516812576,331.97423870746
1976-11-01,-0.0988295011088911,332.988974571228
1976-12-01,0.07313466557794081,333.68006383307187
1977-01-01,0.8857893697567956,334.14955131201094
1977-02-01,0.028650365394486822,334.5863730932165
1977-03-01,-0.181130064080972,334.919158991119
1977-04-01,0.10134194310987844,334.90968625574936
1977-05-01,0.6202401646247578,334.04760020267815
1977-06-01,0.47221648830504526,332.1137231991615
1977-07-01,0.42280881992037744,330.5558516410545
1977-08-01,0.475503433257589,330.90038450453017
1977-09-01,-0.253910650617832,332.4802343377949
1977-10-01,-0.14845070995986023,333.9795306165719
1977-11-01,-0.05416360535730974,334.97107978208567
1977-12-01,-0.09916483093912666,335.62162484392707
1978-01-01,-0.07660030714457822,336.0480624384939
1978-02-01,0.2433608668777465,336.43140593964375
1978-03-01,0.2184405389898979,336.70574576342545
1978-04-01,0.425042399824426,336.63496795465915
1978-05-01,0.2368163016149426,335.71087625385803
1978-06-01,-0.1237076564082631,333.7177369614589
1978-07-01,0.1629269253336699,332.1098750432332
1978-08-01,-0.46266370270799245,332.4108525335053
1978-09-01,0.11425040551386129,333.9565374708764
1978-10-01,-0.10719838863384976,335.4364210288907
1978-11-01,0.18841850784639708,336.4152942304258
1978-12-01,0.06337844182989326,337.0730591277134
1979-01-01,0.10557268480425865,337.4994394980537
1979-02-01,-0.6722659141816786,337.89269221506004
1979-03-01,0.15971044753519056,338.18414271601927
1979-04-01,0.28243545561137146,338.13371251612534
1979-05-01,-0.30746231966728593,337.2337694850969
1979-06-01,-0.11800646956687749,335.2759397374848
1979-07-01,-0.29957769401144796,333.72173177695566
1979-08-01,-0.04574060521159391,334.0839721580788
1979-09-01,0.353479438899749,335.6989350867566
1979-10-01,-0.0030819970864687453,337.25169014589284
1979-11-01,0.252120107800951,338.2958418810809
1979-12-01,0.277303473311174,339.01753149385803
1980-01-01,0.35165027209822797,339.50332422138735
1980-02-01,0.7171927788391448,339.9497313619543
1980-03-01,0.6120171396673839,340.2870289300989
1980-04-01,0.41804571421276454,340.2693562665398
1980-05-01,0.42875548337171027,339.38792474581874
1980-06-01,0.08403292250571366,337.4449319895992
1980-07-01,0.4577047930942934,335.89954074529953
1980-08-01,0.30145303291957093,336.2554742474026
1980-09-01,0.1542259317219529,337.8460977813344
1980-10-01,0.13517271804544026,339.3544232578042
1980-11-01,0.05541261765197028,340.33319702054246
1980-12-01,0.04857629235291185,340.97192113287656
1981-01-01,0.7422384104959475,341.3645679897732
1981-02-01,0.5826832195355799,341.7071725581605
1981-03-01,0.5132513471952176,341.93271282478617
1981-04-01,0.1364519028480862,341.79461252424454
1981-05-01,0.33296813243662143,340.7869535328429
1981-06-01,0.4373716151674418,338.72545694657316
1981-07-01,0.6494817065771072,337.06849403475536
1981-08-01,0.6574946601982113,337.3174032644578
1981-09-01,0.17567315370548064,338.80617336649954
1981-10-01,0.09822188440148799,340.21794809082405
1981-11-01,0.325261792417352,341.1053124364217
1981-12-01,0.4401065197984493,341.65595038237393
1982-01-01,-0.03399552819139516,341.9756055149031
1982-02-01,0.08754085245913464,342.2587851682121
1982-03-01,-0.04007388428649907,342.4390610339318
1982-04-01,-0.16182501557471957,342.2702449092159
1982-05-01,0.004482909089365112,341.2482809485918
1982-06-01,-0.0724007584167629,339.1948325682275
1982-07-01,0.16757397496999307,337.56846096745244
1982-08-01,-0.04183930846750339,337.87087251027424
1982-09-01,-0.08741183048078989,339.43712630377877
1982-10-01,-0.012964908369100813,340.94676919254255
1982-11-01,0.09311463249167183,341.9478007771056
1982-12-01,0.3260379361016857,342.6343540540154
1983-01-01,0.3962935568714089,343.08714763358785
1983-02-01,0.2777643219642095,343.506980915776
1983-03-01,0.5394467492216783,343.82350151062013
1983-04-01,0.32247278634843457,343.7823440669495
1983-05-01,0.46221886052950484,342.8763555762209
1983-06-01,-0.05144074055269568,340.9366176883085
1983-07-01,-0.17615779781402344,339.4166152247676
1983-08-01,0.35393095736675306,339.8077415692365
1983-09-01,0.5664443714854017,341.4388694386423
1983-10-01,-0.06250418004581913,342.9789645060786
1983-11-01,-0.083936030201739,343.98704660156625
1983-12-01,0.02597066966881694,344.58115030500625
1984-01-01,0.49051314750409014,345.0150998447559
1984-02-01,0.16367870051476646,345.40733160701797
1984-03-01,0.3903124597997743,345.69021924195465
1984-04-01,-0.07678764542434194,345.63062883918667
1984-05-01,0.5531115565354856,344.7201105174312
1984-06-01,-0.033211468000484724,342.74489656942865
1984-07-01,0.17803775764371443,341.135936088562
1984-08-01,0.09456348297122345,341.4337704919886
1984-09-01,0.4051281191439683,342.97334806136143
1984-10-01,0.2227217325815553,344.4258334769732
1984-11-01,0.08537365265599957,345.4013765033675
1984-12-01,0.17857145840160737,346.01601509423904
1985-01-01,0.536675016762479,346.43992959952647
1985-02-01,0.020260846311855565,346.8322294762694
1985-03-01,0.2578247275997257,347.1211678417818
1985-04-01,-0.02105066774628588,347.0796251885685
1985-05-01,0.05471867770234159,346.1962466863938
1985-06-01,0.3715007428951165,344.23276233861475
1985-07-01,-0.19502650067247632,342.6142312801031
1985-08-01,0.19446519666348,342.8987842922446
1985-09-01,0.2251253648846762,344.421004059403
1985-10-01,0.053639207350380164,345.86122326650735
1985-11-01,0.023973047276579968,346.8281334121139
1985-12-01,0.21238134939751815,347.5059958314307
1986-01-01,0.06452839871759314,347.9210947672526
1986-02-01,0.8122636485499225,348.29663291083443
1986-03-01,0.32457212304424465,348.567077104074
1986-04-01,0.27534442838495704,348.49344040482134
1986-05-01,0.27514139216733596,347.567817766637
1986-06-01,-0.20505696057729209,345.58257634198225
1986-07-01,0.0504123990233441,343.9940294647217
1986-08-01,0.1548282881337585,344.3177115998445
1986-09-01,-0.2867176057779237,345.8897040011559
1986-10-01,0.029180276718124815,347.38736803737686
1986-11-01,0.0011956806062737332,348.39141285649055
1986-12-01,0.07955585831490979,349.05841309865315
1987-01-01,0.4880980643244462,349.4039104169681
1987-02-01,0.07868631041789563,349.8214564306942
1987-03-01,0.14178372899113556,350.1434961945334
1987-04-01,0.0775913907096094,350.1326482339553
1987-05-01,0.1778681226276938,349.3046140204536
1987-06-01,0.5590535627496932,347.4272965075646
1987-07-01,0.45408418393495953,345.84936895912074
1987-08-01,0.05436310863065511,346.2517334464744
1987-09-01,0.1707017785092293,347.9602247435958
1987-10-01,0.15010238753924693,349.5187429456358
1987-11-01,-0.2259452382729977,350.5634462610881
1987-12-01,0.25819749370474304,351.3208108831335
1988-01-01,0.4314710651728651,351.8314487381923
1988-02-01,0.521376832196566,352.30317236770816
1988-03-01,0.5565903865375461,352.66843683454726
1988-04-01,0.47448353062092863,352.6776125071961
1988-05-01,0.5662570863056634,351.8461379901274
1988-06-01,0.5453586278633574,349.9666489170216
1988-07-01,0.38718646917648125,348.4044622407136
1988-08-01,0.7631848639273694,348.80635075039334
1988-09-01,0.5673174857704572,350.4967471812684
1988-10-01,0.3871996089078675,352.01094364590114
1988-11-01,-0.21254871480627724,352.9736223611714
1988-12-01,0.1457021316998154,353.63320139096106
1989-01-01,-0.24329028127338845,354.0143275093738
1989-02-01,0.5434388202049839,354.3482629375693
1989-03-01,0.3472941689509234,354.5684452654992
1989-04-01,0.362882108863217,354.4171031245479
1989-05-01,-0.20995368798994313,353.41687028437485
1989-06-01,-0.02012085996459188,351.39844597522125
1989-07-01,0.43099472658708055,349.74315349296285
1989-08-01,0.45108159029749245,350.0754732155506
1989-09-01,0.5302711037723413,351.71931842803957
1989-10-01,0.26225118624301125,353.1955709452688
1989-11-01,-0.049463037892251156,354.1231420455744
1989-12-01,0.4567412628817644,354.796155080913
1990-01-01,0.5775555808879161,355.439514237863
1990-02-01,0.3970766503970683,355.7721923945863
1990-03-01,0.9175503790302423,355.9850719037468
1990-04-01,0.9759899138489407,355.7945811476531
1990-05-01,0.7045052785485553,354.6696056568475
1990-06-01,0.4755371757952649,352.5969057252672
1990-07-01,0.6530420930241695,351.1172873701873
1990-08-01,0.20280607129747183,351.487746698356
1990-09-01,0.36474541387740267,353.0860067847923
1990-10-01,0.26954750915464787,354.7021126561106
1990-11-01,0.142419821924508,355.728506190924
1990-12-01,0.219665534301628,356.3057759164881
1991-01-01,0.3563532470222966,356.49570539874793
1991-02-01,0.6332676739575241,356.8383713164153
1991-03-01,0.4591311730593244,357.0699263655109
1991-04-01,0.5412418146277704,356.9281306876665
1991-05-01,0.4244657661404314,355.9234187947968
1991-06-01,0.6608839841439469,353.8978643808247
1991-07-01,0.6840584383036845,352.28097456708366
1991-08-01,0.5105719501300929,352.6149584480568
1991-09-01,0.8523347475716052,354.23167865140937
1991-10-01,0.30645842604272355,355.71328026901057
1991-11-01,0.3415203097826915,356.63630256228976
1991-12-01,0.5913869580231972,357.2534841513928
1992-01-01,0.32695266694596264,357.5947440215688
1992-02-01,0.33301593108269045,357.88291006865325
1992-03-01,0.7426097597662289,358.0567679181511
1992-04-01,0.2972926021247305,357.84320862334454
1992-05-01,0.3290542027593443,356.7558539534204
1992-06-01,0.2559261657791615,354.6850813802083
1992-07-01,0.16861266431667554,353.0490044991764
1992-08-01,-0.026130181851647158,353.3763159839018
1992-09-01,-0.14303673285516388,354.98267561217887
1992-10-01,-0.048355096364600565,356.451464474525
1992-11-01,-0.06017188183654347,357.3569535691061
1992-12-01,0.10141450510011248,357.98012321425074
1993-01-01,0.1281781719182765,358.2945499646222
1993-02-01,0.4914530521706922,358.5580102600286
1993-03-01,0.3284277162413482,358.7084548290865
1993-04-01,0.3955524799890154,358.45446437458935
1993-05-01,0.345334026746744,357.3148148859283
1993-06-01,0.19872227256151664,355.2439807425605
1993-07-01,0.41011391554002125,353.664130935198
1993-08-01,-0.019824493347034382,354.06743411499775
1993-09-01,0.17097617729934605,355.76304165169046
1993-10-01,0.29035222856556236,357.3162263531155
1993-11-01,0.20623179299225186,358.28927038310485
1993-12-01,-0.11896426999792693,358.9049483424057
1994-01-01,0.18297953527886346,359.28570857201095
1994-02-01,0.038210291186074476,359.6200642305539
1994-03-01,0.276910123054321,359.8450853757505
1994-04-01,0.5320730447891744,359.66732106197026
1994-05-01,0.1123757311927993,358.60477732717254
1994-06-01,0.5926140369245116,356.60312591364357
1994-07-01,0.25386927094094675,355.1008041758596
1994-08-01,0.07503063061263061,355.58197138656806
1994-09-01,0.3424901622720278,357.36046547972126
1994-10-01,0.4501154556692086,358.98812792931074
1994-11-01,0.3703055395413525,360.0262287648519
1994-12-01,0.27803291500319405,360.82920495916295
1995-01-01,0.20277890141560337,361.2676405668847
1995-02-01,0.918704529140051,361.62179709210807
1995-03-01,0.47490216544030867,361.84859256179243
1995-04-01,0.9831161225643421,361.62742755889894
1995-05-01,0.28143940037192794,360.4762675768063
1995-06-01,0.5317008208292568,358.45873044473154
1995-07-01,0.7344804537036418,357.04326561492167
1995-08-01,0.5223531534022111,357.6063050423139
1995-09-01,0.3969030673943243,359.4708852508922
1995-10-01,0.5993230013757339,361.1709463354982
1995-11-01,0.5475247889244649,362.22348155033444
1995-12-01,0.14624762030318714,362.7789660041715
1996-01-01,0.32288611178564863,363.18359009071634
1996-02-01,0.8202402366742014,363.5263564983415
1996-03-01,0.6777239295639823,363.74333651978293
1996-04-01,0.8109438504271927,363.53669794435854
1996-05-01,0.09896770122459649,362.4201488306493
1996-06-01,0.07665956189971224,360.36578840561856
1996-07-01,0.3997308180855032,358.83935197524085
1996-08-01,0.8789490679006193,359.2785056352027
1996-09-01,0.2741007562427572,361.01070149362823
1996-10-01,-0.029293857227445853,362.583804615162
1996-11-01,0.9802037306276963,363.5432459701726
1996-12-01,0.4765277657972378,364.2416244450322
1997-01-01,0.12482462369946641,364.5599870790081
1997-02-01,0.23402290886579416,364.813627773803
1997-03-01,0.8135536117897358,364.9426354853312
1997-04-01,0.5227406302870347,364.6279391554844
1997-05-01,0.38711102151936383,363.39177025830304
1997-06-01,0.6409964082704709,361.31428132045414
1997-07-01,0.08227755423309083,359.87431557596466
1997-08-01,0.15299824311425902,360.4349706871127
1997-09-01,0.42740197074353725,362.3285181747248
1997-10-01,0.6724835984528413,364.0830665814435
1997-11-01,0.9730723949241326,365.2169403217457
1997-12-01,0.46512072876578336,365.91169756995305
1998-01-01,0.5877395697829884,366.4145685972991
1998-02-01,0.6926310717165289,366.89239525170973
1998-03-01,0.8413367047529254,367.255700150949
1998-04-01,0.5632692499084399,367.18895636664496
1998-05-01,0.7060286941727325,366.2093421936035
1998-06-01,1.0018209149148998,364.31879618421016
1998-07-01,0.6989114114633085,362.97281432681615
1998-08-01,0.7220614930324507,363.59751322334193
1998-09-01,0.40453545378759287,365.5059232123104
1998-10-01,0.333452341482554,367.21317983792153
1998-11-01,0.8635753257089959,368.2645904927195
1998-12-01,0.5876507654404618,369.04893496101283
1999-01-01,0.45010647366109546,369.4045534769694
1999-02-01,0.6312301793472027,369.65602086196714
1999-03-01,0.5124081653389729,369.7556386707447
1999-04-01,0.03042855210079849,369.36665018199403
1999-05-01,0.19155418733223775,368.02089983857707
1999-06-01,0.445660079477533,365.8575822698334
1999-07-01,0.3773192328538008,364.36227360289774
1999-08-01,0.40750210132141484,364.87495439458775
1999-09-01,0.6077255897485925,366.72029827353396
1999-10-01,0.4827462560877811,368.38026802392653
1999-11-01,0.6083111455045421,369.3846634815357
1999-12-01,0.24763341499076888,370.0804564030965
2000-01-01,0.2597457519540718,370.42531503983486
2000-02-01,0.6882783556610148,370.7070169886836
2000-03-01,0.7972890369375317,370.86327595840265
2000-04-01,0.5284893791813586,370.5796274114538
2000-05-01,0.2747147914192994,369.3797986550979
2000-06-01,0.5417611479708122,367.30145144992406
2000-07-01,0.4510368816598127,365.806100058379
2000-08-01,0.4831072449510839,366.3126776575159
2000-09-01,0.4399130288779681,368.1375402163282
2000-10-01,0.2840372104994928,369.7795495327608
2000-11-01,0.6435895153138037,370.7940650563181
2000-12-01,0.4186060276134662,371.5344343637537
2001-01-01,0.6097001651627207,371.8981139990724
2001-02-01,0.8137191393577016,372.1898712676248
2001-03-01,0.5050145348829697,372.34918288572334
2001-04-01,0.4315025115137851,372.03449592166476
2001-05-01,0.5220239917575229,370.7747770304739
2001-06-01,0.6165114267071804,368.70760353182567
2001-07-01,0.6167783295793783,367.30238453146853
2001-08-01,0.11703453566265241,367.91406136312605
2001-09-01,0.6645086815510179,369.85390770052686
2001-10-01,0.46316418578318047,371.59194858174266
2001-11-01,0.9602136859239121,372.6699123829971
2001-12-01,0.977759954160145,373.3200054187539
2002-01-01,0.7221323909240928,373.7376724959008
2002-02-01,0.45065894778823123,374.08912349983495
2002-03-01,1.3907455874861903,374.31484726988236
2002-04-01,0.7297454035504358,374.07907782896064
2002-05-01,0.8388241653549532,372.91108884882044
2002-06-01,0.38691378683438116,370.92857850062995
2002-07-01,0.6538497090035207,369.58781248257486
2002-08-01,0.6045358599785108,370.26423539432477
2002-09-01,1.0029033343373412,372.26580361166117
2002-10-01,0.9644129867460098,374.06693591318015
2002-11-01,0.6816665930641843,375.21230879983784
2002-12-01,0.6395860480977811,375.83911515789265
2003-01-01,0.8842762658100921,376.3205324738114
2003-02-01,0.5786765850755622,376.73712725886594
2003-03-01,0.6244970155937332,377.023321629277
2003-04-01,0.6285850713441667,376.8577151164302
2003-05-01,0.7243297580589335,375.77237282364456
2003-06-01,0.3101383646383837,373.768328922413
2003-07-01,0.5509003106988153,372.30268710148187
2003-08-01,0.6479739125658313,372.8251981000547
2003-09-01,0.7854389397894763,374.64591833467836
2003-10-01,0.7920301744245872,376.26688532181726
2003-11-01,0.5047189850907889,377.26330451871144
2003-12-01,0.7907835736008544,377.94307352325063
2004-01-01,0.5462116648690739,378.2865680360205
2004-02-01,0.6384131472632074,378.56097172631155
2004-03-01,0.5338049607459454,378.70880584905177
2004-04-01,0.8760050712995124,378.39747569613985
2004-05-01,0.294614831277358,377.1652560349453
2004-06-01,0.33213584912995786,375.0899136686914
2004-07-01,-0.26272761481811663,373.6244236044236
2004-08-01,0.3080742494094081,374.18033958623437
2004-09-01,0.5687146945185378,376.06137146655425
2004-10-01,0.6500198210266273,377.7477978689877
2004-11-01,0.6286009902130816,378.80477521307677
2004-12-01,0.6331922710850215,379.50429011639255
2005-01-01,1.1400706479813587,379.908281325823
2005-02-01,1.114161500076807,380.2521591181814
2005-03-01,0.901991748625328,380.47133973392437
2005-04-01,0.6770185332275245,380.22230441011027
2005-05-01,0.8139337457176749,379.0431169118999
2005-06-01,0.7235909506533648,377.031067247744
2005-07-01,0.5726924209441507,375.64535839222094
2005-08-01,0.5555112910596094,376.2747208310351
2005-09-01,1.1066033346319548,378.2222314071655
2005-10-01,1.09872914579546,379.9612195935661
2005-11-01,0.8733889405025306,381.0489772443418
2005-12-01,1.2165828163432442,381.7087372009843
2006-01-01,1.045531769250279,382.1261416677781
2006-02-01,1.106866771775454,382.4740724605984
2006-03-01,0.8392398187461474,382.69117172523784
2006-04-01,0.6622207825304709,382.43600131894334
2006-05-01,0.5626357965751378,381.2504299469936
2006-06-01,0.6885574802092669,379.2005444076915
2006-07-01,0.17561767102365033,377.7542821234244
2006-08-01,0.939047463719863,378.3113471499785
2006-09-01,0.781994367247664,380.17631836078783
2006-10-01,0.7951533170054569,381.829362515579
2006-11-01,1.0975635295025148,382.8381811170225
2006-12-01,0.8161426705843849,383.50764976689845
2007-01-01,1.0900481080028537,384.08366189415074
2007-02-01,0.9143718618842772,384.36247144534263
2007-03-01,0.8385156429413083,384.50977418640514
2007-04-01,1.1500616889811734,384.1450204114561
2007-05-01,0.9272969178123087,382.8087718940076
2007-06-01,0.8891922707039351,380.7624752986578
2007-07-01,0.8952337735688148,379.39695290553715
2007-08-01,0.7915121440811146,379.99665667498556
2007-09-01,0.845411117633438,381.91210711679344
2007-10-01,0.8918268888344846,383.68711408968323
2007-11-01,0.9597594909155657,384.8356835527773
2007-12-01,0.6542795129321124,385.53108459755225
2008-01-01,0.3532034625775132,385.8632708203351
2008-02-01,0.5043764994555069,386.2403131056421
2008-03-01,0.743826142829732,386.4848217740471
2008-04-01,0.8684323993386673,386.2318153993583
2008-05-01,0.6345238011952793,385.0209229660034
2008-06-01,0.5024466970937185,382.99878381281724
2008-07-01,0.676551642264082,381.6110267752188
2008-08-01,0.30323487194988036,382.1923994337482
2008-09-01,1.0293643913025097,384.06446783371916
2008-10-01,0.8550331041959219,385.74289261617776
2008-11-01,0.9466448859390493,386.76879430276375
2008-12-01,0.7770566925788838,387.4786347617632
2009-01-01,1.0341786360486964,387.79298675395825
2009-02-01,0.5270057225040226,388.0274567328559
2009-03-01,0.47311149712719025,388.1207195296111
2009-04-01,0.5336524090991839,387.70575127448564
2009-05-01,0.9611343351150421,386.3250070463581
2009-06-01,0.6891243573118924,384.2248483106825
2009-07-01,1.005631762385157,382.8532104694696
2009-08-01,0.6886084201144177,383.4880426298542
2009-09-01,0.8478053667912414,385.4710297544503
2009-10-01,0.9040200455183062,387.27844809591033
2009-11-01,1.3078936008145634,388.4340500226433
2009-12-01,1.0955142055677365,389.0914882829454
2010-01-01,0.9981156147184187,389.57423225402835
2010-02-01,1.2751901534153718,389.9949118216244
2010-03-01,1.2573221679276596,390.2913544454692
2010-04-01,1.1775996009035705,390.0920716090261
2010-05-01,1.037464456369947,388.9267672352732
2010-06-01,0.5519639417514673,386.9711901431613
2010-07-01,0.4887751632485665,385.66712682888834
2010-08-01,0.7695705942667788,386.343026822879
2010-09-01,0.788807719609379,388.31342920892035
2010-10-01,1.105339391504206,390.0882149708124
2010-11-01,1.0503887824292963,391.1946545419575
2010-12-01,0.7298155302977869,391.9597991189839
2011-01-01,0.9523646892266429,392.3477556172124
2011-02-01,0.9698676631851185,392.64665262575505
2011-03-01,1.197678444792784,392.80226308987466
2011-04-01,0.7944118497386924,392.42892073501775
2011-05-01,0.6021513357543662,391.0785605545986
2011-06-01,0.7726912779161829,388.9809570274824
2011-07-01,1.158308516462267,387.61157101760676
2011-08-01,1.279818221834703,388.2310491109777
2011-09-01,0.7067080433522013,390.1852621935621
2011-10-01,0.987237934106057,391.95914561989866
2011-11-01,0.9813868050564427,393.05862645231645
2011-12-01,0.8649791987358129,393.7747571088061
2012-01-01,0.730998587869391,394.16405290815567
2012-02-01,0.94001375566338,394.48523383670386
2012-03-01,0.792415492650086,394.6646343862275
2012-04-01,0.8525519567849351,394.33616144957364
2012-05-01,0.9358616684249292,393.03255272994807
2012-06-01,0.6614294351002491,390.9916448225798
2012-07-01,0.4956019384504951,389.71540417141387
2012-08-01,0.7227438124008656,390.4304709427445
2012-09-01,0.9250096488671763,392.4936036470201
2012-10-01,1.2123024878647874,394.3801181962755
2012-11-01,1.2722083845970482,395.5631070704519
2012-12-01,1.030117727390969,396.200212049602
2013-01-01,1.0191546959716586,396.68654871858195
2013-02-01,0.27720633222541957,397.09583958284355
2013-03-01,0.9495094096234447,397.3614488107187
2013-04-01,0.6711089626902842,397.14749041098133
2013-05-01,0.5740021942929068,395.97163619382883
2013-06-01,0.7538415080111284,393.9571607076386
2013-07-01,0.4777417166651009,392.61383880003
2013-08-01,0.833588990635301,393.24066359202067
2013-09-01,1.1524818909055747,395.1787401043927
2013-10-01,0.8479881616283563,396.94515199496425
2013-11-01,1.0709594512393543,398.0164593491731
2013-12-01,0.9225927394388739,398.80917932722303
